u,v,corridor,corridor_type,approx_edge_betweenness
271823363,271823361,A.J.C. Brouwersweg,Named corridor,0.21657077393075355
271823361,271823360,A.J.C. Brouwersweg,Named corridor,0.2158986761710794
271822067,271823243,Mary's Fancy Roundabout,Named corridor,0.21128309572301424
1967810911,5292695648,Mary's Fancy Roundabout,Named corridor,0.21026221995926678
271823352,271823349,A.J.C. Brouwersweg,Named corridor,0.20706975560081464
1882266679,1947004343,Indigo Bay Roundabout,Named corridor,0.20658604887983706
271823355,4284485480,A.J.C. Brouwersweg,Named corridor,0.2064714867617108
5092258956,271823352,A.J.C. Brouwersweg,Named corridor,0.2058121181262729
4284485480,4284485479,A.J.C. Brouwersweg,Named corridor,0.20574847250509165
1947004343,1882266684,Indigo Bay Roundabout,Named corridor,0.2054786150712831
4284485479,5092258956,A.J.C. Brouwersweg,Named corridor,0.2050254582484725
1882266675,1882266679,Indigo Bay Roundabout,Named corridor,0.2049058044806517
2669896558,4284425952,Zagersgut Road,Named corridor,0.2045366598778004
4284425952,1639802185,Zagersgut Road,Named corridor,0.2039765784114053
1639802185,3657907542,Zagersgut Road,Named corridor,0.20285641547861505
3657907542,271823238,Zagersgut Road,Named corridor,0.20230142566191445
271823238,1967810911,Zagersgut Road,Named corridor,0.20202393075356415
271823360,4284485717,A.J.C. Brouwersweg,Named corridor,0.20027749490835028
4284485717,4284485708,A.J.C. Brouwersweg,Named corridor,0.19991598778004072
4284485708,4284485698,A.J.C. Brouwersweg,Named corridor,0.19955448065173115
4284485698,271823355,A.J.C. Brouwersweg,Named corridor,0.19886710794297352
271823349,303291328,Sarsapilla Road,Named corridor,0.1945977596741344
303291328,303291325,Arlet Peters Road,Named corridor,0.1935794297352342
303291325,303291457,Arlet Peters Road,Named corridor,0.1920519348268839
303291457,303291459,Arlet Peters Road,Named corridor,0.19103360488798368
271823245,1967810908,Mary's Fancy Roundabout,Named corridor,0.19026476578411405
303291459,5318904038,Arlet Peters Road,Named corridor,0.1900152749490835
5111723776,2669896778,A.T. Illidge Road,Named corridor,0.18852087576374743
1639802195,2669896497,A.T. Illidge Road,Named corridor,0.18809572301425662
271823243,4284425951,A.T. Illidge Road,Named corridor,0.18786659877800407
2669896778,4284426424,A.T. Illidge Road,Named corridor,0.1878385947046843
4284425951,5105834361,A.T. Illidge Road,Named corridor,0.18751272912423625
2669896497,5111723776,A.T. Illidge Road,Named corridor,0.18738289205702646
5105834361,1639802195,A.T. Illidge Road,Named corridor,0.18715885947046842
4283347855,1033359701,Osborne Kruythoff Roundabout,Named corridor,0.18669042769857433
4284426424,1639802221,A.T. Illidge Road,Named corridor,0.1856109979633401
1033359701,1033359915,A.J.C. Brouwersweg,Named corridor,0.18160386965376782
1033359915,271812481,A.J.C. Brouwersweg,Named corridor,0.18113034623217922
1967810908,271823238,Zagersgut Road,Named corridor,0.1810081466395112
271812481,1882266675,A.J.C. Brouwersweg,Named corridor,0.18100560081466394
271823238,3657907542,Zagersgut Road,Named corridor,0.1807764765784114
3657907542,1639802185,Zagersgut Road,Named corridor,0.1803131364562118
1639802185,4284425952,Zagersgut Road,Named corridor,0.1793966395112016
4284425952,2669896558,Zagersgut Road,Named corridor,0.17893839103869652
5292695648,271822067,Mary's Fancy Roundabout,Named corridor,0.17688136456211812
271823360,271823361,A.J.C. Brouwersweg,Named corridor,0.17393075356415477
271823361,271823363,A.J.C. Brouwersweg,Named corridor,0.17358452138492872
2970143311,5111284779,Union Road,Named corridor,0.17032586558044804
5111284779,5111284814,Union Road,Named corridor,0.16942464358452136
5318904038,250656105,Union Road,Named corridor,0.16878309572301425
5111284814,303291719,Union Road,Named corridor,0.1685336048879837
1639802195,5105834361,A.T. Illidge Road,Named corridor,0.16817718940936863
5105834361,4284425951,A.T. Illidge Road,Named corridor,0.16802189409368634
4284425951,271823245,A.T. Illidge Road,Named corridor,0.16786659877800406
250656105,2970143312,Union Road,Named corridor,0.16784623217922606
303291719,5111244021,Union Road,Named corridor,0.16764256619144602
1927155335,1033359888,Osborne Kruythoff Roundabout,Named corridor,0.16724796334012218
2970143312,2970143311,Union Road,Named corridor,0.16695010183299389
5111244021,2970143305,Union Road,Named corridor,0.16675152749490835
5111723776,2669896497,A.T. Illidge Road,Named corridor,0.16543533604887983
2970143305,2970143304,Union Road,Named corridor,0.16542260692464358
2669896497,1639802195,A.T. Illidge Road,Named corridor,0.16512983706720977
2970143304,250656108,Union Road,Named corridor,0.16498217922606923
5292700111,1882266709,Indigo Bay Roundabout,Named corridor,0.16462576374745416
1639802221,4284426424,A.T. Illidge Road,Named corridor,0.16426171079429736
250656108,2970143301,Union Road,Named corridor,0.16410132382892056
2970143301,2970143300,Union Road,Named corridor,0.1632459266802444
4284426424,2669896778,A.T. Illidge Road,Named corridor,0.16292515274949082
2669896778,5111723776,A.T. Illidge Road,Named corridor,0.16258910386965375
1639802221,1109617065,A.T. Illidge Road,Named corridor,0.16245417515274949
2970143300,1033360597,Union Road,Named corridor,0.1623905295315682
1033360597,2970143297,Union Road,Named corridor,0.16214103869653768
1109617065,5327905185,A.T. Illidge Road,Named corridor,0.16165987780040733
5327905185,1109617127,A.T. Illidge Road,Named corridor,0.16126272912423625
2970143297,1927155335,Union Road,Named corridor,0.16112270875763746
1109617127,5105174587,A.T. Illidge Road,Named corridor,0.16086558044806518
5105174587,3656887991,A.T. Illidge Road,Named corridor,0.16015529531568226
3656887991,1639802246,A.T. Illidge Road,Named corridor,0.1593609979633401
1639802246,5079806047,A.T. Illidge Road,Named corridor,0.1577724032586558
1882266684,5292700111,Indigo Bay Roundabout,Named corridor,0.1570824847250509
5079806047,1639802274,A.T. Illidge Road,Named corridor,0.15698319755600815
1639802164,5081243471,Bush Road,Named corridor,0.15544042769857433
5092258956,4284485479,A.J.C. Brouwersweg,Named corridor,0.15410132382892056
4284485479,4284485480,A.J.C. Brouwersweg,Named corridor,0.1538060081466395
4284485480,271823355,A.J.C. Brouwersweg,Named corridor,0.15351069246435844
1882266709,271823298,A.J.C. Brouwersweg,Named corridor,0.15207230142566192
271823298,271823349,A.J.C. Brouwersweg,Named corridor,0.15184826883910385
271823355,4284485698,A.J.C. Brouwersweg,Named corridor,0.15124745417515273
4284485698,4284485708,A.J.C. Brouwersweg,Named corridor,0.15091649694501016
271823352,5092258956,A.J.C. Brouwersweg,Named corridor,0.15090376782077392
4284485708,4284485717,A.J.C. Brouwersweg,Named corridor,0.15076883910386965
4284485717,271823360,A.J.C. Brouwersweg,Named corridor,0.1506211812627291
4284485730,271823363,Crocus Road,Named corridor,0.14809317718940937
5081243471,4284485730,Unnamed / Living Street,Residual road group,0.1465987780040733
271823349,271823352,A.J.C. Brouwersweg,Named corridor,0.14604124236252544
5105174587,1109617127,A.T. Illidge Road,Named corridor,0.13042006109979631
1109617127,5327905185,A.T. Illidge Road,Named corridor,0.13008401221995927
5081243471,1639802164,Bush Road,Named corridor,0.130020366598778
5327905185,1109617065,A.T. Illidge Road,Named corridor,0.12997199592668024
1109617065,1639802221,A.T. Illidge Road,Named corridor,0.1297479633401222
1639802274,5079806047,A.T. Illidge Road,Named corridor,0.12815427698574336
5079806047,1639802246,A.T. Illidge Road,Named corridor,0.12792515274949082
1639802246,3656887991,A.T. Illidge Road,Named corridor,0.12747708757637474
3656887991,5105174587,A.T. Illidge Road,Named corridor,0.1272530549898167
4284485730,5081243471,Unnamed / Living Street,Residual road group,0.12112016293279022
1639802164,1639802172,Zagersgut Road,Named corridor,0.1189867617107943
271823363,4284485730,Crocus Road,Named corridor,0.11895875763747453
1639802172,2146379899,Zagersgut Road,Named corridor,0.11831975560081466
5318904038,250656101,Union Road,Named corridor,0.11787678207739306
2146379899,2669896558,Zagersgut Road,Named corridor,0.1175458248472505
250656101,1790494663,Union Road,Named corridor,0.11617617107942972
1790494663,3704167985,Union Road,Named corridor,0.11612525458248472
3704167985,5113616607,Union Road,Named corridor,0.11527494908350305
5113616607,2970143325,Union Road,Named corridor,0.11442464358452138
2970143325,5318904035,Union Road,Named corridor,0.11357433808553971
2669896558,2146379899,Zagersgut Road,Named corridor,0.11339358452138493
5318904035,5100220545,Union Road,Named corridor,0.11272403258655804
2146379899,1639802172,Zagersgut Road,Named corridor,0.11213085539714866
5100220545,5100220547,Union Road,Named corridor,0.11193482688391038
1639802172,1639802164,Zagersgut Road,Named corridor,0.1117795315682281
5100220547,4283348308,Union Road,Named corridor,0.11114562118126273
4283348308,303246974,Union Road,Named corridor,0.1095672097759674
1918592979,303239543,L.B. Scott Road,Named corridor,0.10750254582484724
303246974,1790494610,Union Road,Named corridor,0.10616853360488798
303239543,1918592979,L.B. Scott Road,Named corridor,0.1040427698574338
1790494610,4283348343,Union Road,Named corridor,0.10358706720977597
4283348343,303246941,Union Road,Named corridor,0.1027927698574338
1918592979,1918592984,L.B. Scott Road,Named corridor,0.10210794297352342
1033359888,4283347855,Osborne Kruythoff Roundabout,Named corridor,0.09908604887983706
1918592984,1918592979,L.B. Scott Road,Named corridor,0.09816955193482688
1790494663,250656101,Union Road,Named corridor,0.09703920570264765
250656101,5318904038,Union Road,Named corridor,0.09670315682281058
303246941,303247237,Union Road,Named corridor,0.09482688391038696
303246974,4283348308,Union Road,Named corridor,0.09459266802443991
4283348308,5100220547,Union Road,Named corridor,0.09413441955193481
5100220547,5100220545,Union Road,Named corridor,0.09390529531568227
5100220545,5318904035,Union Road,Named corridor,0.09367617107942973
5318904035,2970143325,Union Road,Named corridor,0.0935081466395112
2970143325,5113616607,Union Road,Named corridor,0.09334012219959266
5113616607,3704167985,Union Road,Named corridor,0.09317209775967412
3704167985,1790494663,Union Road,Named corridor,0.09300407331975559
1918592984,1918592982,L.B. Scott Road,Named corridor,0.09284623217922607
1918592982,3456873948,L.B. Scott Road,Named corridor,0.09191191446028513
303246941,4283348343,Union Road,Named corridor,0.09188136456211812
4283348343,1790494610,Union Road,Named corridor,0.09165733197556007
303247237,5081715704,Union Road,Named corridor,0.0915224032586558
5081715704,1947004273,Union Road,Named corridor,0.09119399185336048
1790494610,303246974,Union Road,Named corridor,0.09118380855397148
1918592982,1918592984,L.B. Scott Road,Named corridor,0.09112270875763746
3456873948,3456873952,L.B. Scott Road,Named corridor,0.09099032586558044
303247237,303246941,Union Road,Named corridor,0.0909826883910387
3456873952,4723309836,L.B. Scott Road,Named corridor,0.09006873727087576
4723309836,3994661891,L.B. Scott Road,Named corridor,0.08914714867617107
1967799965,1967799955,Welfare Road,Named corridor,0.08835794297352341
3994661891,1950775994,L.B. Scott Road,Named corridor,0.08822556008146638
1967799955,1927155345,Welfare Road,Named corridor,0.08817464358452137
1927155345,4283347855,Welfare Road,Named corridor,0.08811354378818737
1639802274,4284401626,Middle Region Road,Named corridor,0.08781059063136455
1947004273,303247201,Union Road,Named corridor,0.08756873727087576
1950775994,1918592978,L.B. Scott Road,Named corridor,0.0873090631364562
4284401626,271824177,Middle Region Road,Named corridor,0.08694501018329938
1918592978,1918592985,L.B. Scott Road,Named corridor,0.08639256619144603
271824177,3194084010,Middle Region Road,Named corridor,0.08615071283095722
303243190,303243569,Coralita Road,Named corridor,0.0857662932790224
303243569,2669896558,Coralita Road,Named corridor,0.08566955193482688
303247201,303246982,Union Road,Named corridor,0.08550661914460285
1918592985,1840729286,L.B. Scott Road,Named corridor,0.08547606924643585
3194084010,271824180,Middle Region Road,Named corridor,0.08535641547861507
1840729287,1840729286,L.B. Scott Road,Named corridor,0.08524949083503054
1840729286,1918592985,L.B. Scott Road,Named corridor,0.08514765784114052
1918592985,1918592978,L.B. Scott Road,Named corridor,0.0850458248472505
1918592978,1950775994,L.B. Scott Road,Named corridor,0.08494399185336049
1950775994,3994661891,L.B. Scott Road,Named corridor,0.08484215885947047
250656114,303246975,Welfare Road,Named corridor,0.0848294297352342
3994661891,4723309836,L.B. Scott Road,Named corridor,0.08474541751527494
4723309836,3456873952,L.B. Scott Road,Named corridor,0.08464867617107942
1840729286,1840729287,L.B. Scott Road,Named corridor,0.08455957230142566
3456873952,3456873948,L.B. Scott Road,Named corridor,0.0845519348268839
303246975,1967799972,Welfare Road,Named corridor,0.08446537678207738
3456873948,1918592982,L.B. Scott Road,Named corridor,0.08445519348268839
1967799972,1967799912,Welfare Road,Named corridor,0.08421079429735234
271824180,271824183,Middle Region Road,Named corridor,0.08417260692464358
1967799912,1967799965,Welfare Road,Named corridor,0.08408350305498981
271824160,271824163,Hulda B. Richardson Road,Named corridor,0.08306262729124236
271824183,271824187,Middle Region Road,Named corridor,0.0829938900203666
5106586184,5082484557,Middle Region Road,Named corridor,0.08290733197556008
5082484557,271824196,Middle Region Road,Named corridor,0.08285386965376781
5081715704,303247237,Union Road,Named corridor,0.08276476578411404
271824187,5106586184,Middle Region Road,Named corridor,0.08220977596741344
271824196,271824202,Middle Region Road,Named corridor,0.08210539714867617
303246982,250652604,Union Road,Named corridor,0.08188136456211813
271824202,4284401679,Middle Region Road,Named corridor,0.08184063136456211
4284401679,271824206,Middle Region Road,Named corridor,0.08110234215885946
271824206,271824207,Middle Region Road,Named corridor,0.08037423625254582
250652604,303246982,Union Road,Named corridor,0.07974032586558044
271824207,4284401900,Middle Region Road,Named corridor,0.07964613034623218
303246982,303247201,Union Road,Named corridor,0.07929226069246435
4284401900,271824212,Middle Region Road,Named corridor,0.07892820773930753
303247201,1947004273,Union Road,Named corridor,0.07890020366598778
1947004273,5081715704,Union Road,Named corridor,0.07845213849287169
271824212,5081546080,Middle Region Road,Named corridor,0.07750254582484725
271824163,1892258685,Hulda B. Richardson Road,Named corridor,0.07700356415478615
5081546080,5106010104,Middle Region Road,Named corridor,0.0767897148676171
5292668974,1927300993,Church Hill Roundabout,Named corridor,0.07670824847250508
271798678,271798681,Walter A. Nisbeth Road,Named corridor,0.07646130346232179
3657008827,271824217,Middle Region Road,Named corridor,0.07634164969450101
5106010104,271824215,Middle Region Road,Named corridor,0.07608197556008146
1639802274,5105174602,A.T. Illidge Road,Named corridor,0.0760386965376782
271824217,5106010107,Middle Region Road,Named corridor,0.07563391038696538
271798676,271798678,Walter A. Nisbeth Road,Named corridor,0.07558553971486762
271824215,3657008827,Middle Region Road,Named corridor,0.07537423625254581
5292542883,1918631564,Salt Pickers Roundabout,Named corridor,0.07530549898167006
1892258685,271824167,Hulda B. Richardson Road,Named corridor,0.07517566191446028
5105174602,4284401658,A.T. Illidge Road,Named corridor,0.07512219959266803
271824167,1840737733,Hulda B. Richardson Road,Named corridor,0.07510183299389002
5106010107,271824219,Middle Region Road,Named corridor,0.07493126272912423
271798682,271798683,Walter A. Nisbeth Road,Named corridor,0.0747988798370672
323003133,322994661,Walter A. Nisbeth Road,Named corridor,0.07471232179226069
1840737733,4284328380,Hulda B. Richardson Road,Named corridor,0.07422606924643584
4284401658,4284401672,A.T. Illidge Road,Named corridor,0.07420570264765784
250656119,5317090569,Welfare Road,Named corridor,0.0740274949083503
250652604,5101763227,Union Road,Named corridor,0.07329429735234215
5292542895,1918631522,Salt Pickers Roundabout,Named corridor,0.0732713849287169
4284485764,1927155728,Church Hill Roundabout,Named corridor,0.07251782077393075
271824219,5105924012,Middle Region Road,Named corridor,0.07250763747454175
271798683,271798686,Walter A. Nisbeth Road,Named corridor,0.07243380855397148
4284328380,271824171,Hulda B. Richardson Road,Named corridor,0.07238034623217922
4284401672,5105174611,A.T. Illidge Road,Named corridor,0.07237270875763747
271798681,271798682,Walter A. Nisbeth Road,Named corridor,0.07213594704684317
271798686,271798691,Walter A. Nisbeth Road,Named corridor,0.07212067209775967
323003133,271798676,Walter A. Nisbeth Road,Named corridor,0.07211558044806517
5101763227,5119424612,Union Road,Named corridor,0.07191191446028512
5105924012,4284327680,Middle Region Road,Named corridor,0.07182026476578411
271798691,5292542883,Walter A. Nisbeth Road,Named corridor,0.07180753564154786
5105174611,1639802300,A.T. Illidge Road,Named corridor,0.07145621181262729
5081711365,271824226,Middle Region Road,Named corridor,0.07120672097759674
1639802300,3656887982,A.T. Illidge Road,Named corridor,0.07112525458248473
1918631665,5102708796,Salt Pickers Roundabout,Named corridor,0.07093940936863544
5106586184,271824187,Middle Region Road,Named corridor,0.07080448065173116
1918631564,5292542895,Salt Pickers Roundabout,Named corridor,0.07074592668024439
271824187,271824183,Middle Region Road,Named corridor,0.07057026476578411
322994661,4283254280,Walter A. Nisbeth Road,Named corridor,0.07054226069246436
5119424612,250652602,Union Road,Named corridor,0.0705295315682281
271824226,3194083998,Middle Region Road,Named corridor,0.0705295315682281
271824183,271824180,Middle Region Road,Named corridor,0.07044551934826883
4283254280,1947705542,Walter A. Nisbeth Road,Named corridor,0.07024949083503054
3656887982,4284401913,A.T. Illidge Road,Named corridor,0.07020366598778004
1947705542,322994803,Walter A. Nisbeth Road,Named corridor,0.07015784114052953
271824180,3194084010,Middle Region Road,Named corridor,0.07010183299389001
4284327680,3194084000,Middle Region Road,Named corridor,0.07010183299389001
322994803,1703119667,Walter A. Nisbeth Road,Named corridor,0.0700661914460285
250652602,5100669105,Union Road,Named corridor,0.07004837067209775
4085224978,4284485794,L.B. Scott Road,Named corridor,0.07003818737270875
3194084010,271824177,Middle Region Road,Named corridor,0.06987780040733198
4284485794,1927340436,L.B. Scott Road,Named corridor,0.06984979633401221
271824177,4284401626,Middle Region Road,Named corridor,0.06965376782077393
1927340436,1840729270,L.B. Scott Road,Named corridor,0.06956466395112015
4284401626,1639802274,Middle Region Road,Named corridor,0.0695010183299389
3194084000,5105924015,Middle Region Road,Named corridor,0.06941446028513237
1840729270,1927300997,L.B. Scott Road,Named corridor,0.06937627291242363
4284401913,1639802302,A.T. Illidge Road,Named corridor,0.06928207739307535
1927300997,5292668974,L.B. Scott Road,Named corridor,0.06928207739307535
5100669105,5100669093,Union Road,Named corridor,0.06912169042769857
3194083998,4284327689,Middle Region Road,Named corridor,0.06894602851323829
5105924015,5081711365,Middle Region Road,Named corridor,0.06874236252545825
2669896558,303243569,Coralita Road,Named corridor,0.06871690427698574
5100669093,5111747793,Union Road,Named corridor,0.06865835030549898
1639802302,4284401944,A.T. Illidge Road,Named corridor,0.06836048879837067
271798676,323003133,Walter A. Nisbeth Road,Named corridor,0.06835030549898166
303243569,303243190,Coralita Road,Named corridor,0.06830448065173116
4284327689,4284327691,Middle Region Road,Named corridor,0.06826374745417516
1927300993,3704351470,A.J.C. Brouwersweg,Named corridor,0.06822301425661914
5111747793,5319009556,Union Road,Named corridor,0.06773167006109979
1840729288,1840729287,L.B. Scott Road,Named corridor,0.06766547861507127
1033359888,1927155345,Welfare Road,Named corridor,0.06765274949083502
250652602,5119424612,Union Road,Named corridor,0.06763747454175152
5082484557,5106586184,Middle Region Road,Named corridor,0.06751782077393075
5119424612,5101763227,Union Road,Named corridor,0.06749236252545825
4284401944,3656887993,A.T. Illidge Road,Named corridor,0.06744399185336049
5101763227,250652604,Union Road,Named corridor,0.06734725050916497
1791676268,5319059731,L.B. Scott Road,Named corridor,0.06733452138492871
5319009556,250652600,Union Road,Named corridor,0.0672683299389002
1927155345,1967799955,Welfare Road,Named corridor,0.06720468431771894
3704351470,271823363,A.J.C. Brouwersweg,Named corridor,0.06718940936863543
5319059731,4284485827,L.B. Scott Road,Named corridor,0.06683553971486761
1892258685,271824163,Hulda B. Richardson Road,Named corridor,0.0665376782077393
1639802300,5105174611,A.T. Illidge Road,Named corridor,0.0665376782077393
4284485827,1927340445,L.B. Scott Road,Named corridor,0.06646894093686354
5105174611,4284401672,A.T. Illidge Road,Named corridor,0.06643584521384928
303239543,4284485848,L.B. Scott Road,Named corridor,0.06641038696537678
271824167,1892258685,Hulda B. Richardson Road,Named corridor,0.06635947046843177
4284327691,271824160,Middle Region Road,Named corridor,0.06626272912423625
4284401672,4284401658,A.T. Illidge Road,Named corridor,0.06623217922606925
4284401658,5105174602,A.T. Illidge Road,Named corridor,0.06613034623217923
5105174602,1639802274,A.T. Illidge Road,Named corridor,0.0660285132382892
1927340445,4085224978,L.B. Scott Road,Named corridor,0.06601069246435845
1967799955,1967799965,Welfare Road,Named corridor,0.06586048879837067
4284485848,4284485847,L.B. Scott Road,Named corridor,0.06577902240325866
5317090569,250656118,Welfare Road,Named corridor,0.06571028513238289
250656118,250656114,Welfare Road,Named corridor,0.06559572301425662
1967799965,1967799912,Welfare Road,Named corridor,0.0655702647657841
5081711365,5105924015,Middle Region Road,Named corridor,0.0655549898167006
271824163,271824160,Hulda B. Richardson Road,Named corridor,0.06546843177189408
250652600,13076637177,Union Road,Named corridor,0.0653080448065173
1918722915,4284485758,Church Hill Roundabout,Named corridor,0.06529786150712831
4284485847,1791676268,L.B. Scott Road,Named corridor,0.06528513238289205
303247832,303247799,Union Road,Named corridor,0.06526731160896129
5105924015,3194084000,Middle Region Road,Named corridor,0.06520875763747454
3657008827,271824215,Middle Region Road,Named corridor,0.06496945010183298
3194084000,4284327680,Middle Region Road,Named corridor,0.06487780040733197
271824202,271824196,Middle Region Road,Named corridor,0.0647683299389002
3656887993,5106176819,A.T. Illidge Road,Named corridor,0.06469450101832994
303243190,303239543,Gladiola Road,Named corridor,0.06468686354378818
1967799912,1967799972,Welfare Road,Named corridor,0.06467922606924643
271824215,5106010104,Middle Region Road,Named corridor,0.06465885947046843
13076637177,303247832,Union Road,Named corridor,0.06437118126272912
5106010104,5081546080,Middle Region Road,Named corridor,0.06434826883910387
271824196,5082484557,Middle Region Road,Named corridor,0.0642337067209776
1927155728,1927300997,L.B. Scott Road,Named corridor,0.06407331975560081
4284327680,5105924012,Middle Region Road,Named corridor,0.06405040733197556
5081546080,271824212,Middle Region Road,Named corridor,0.0640427698574338
5105924012,271824219,Middle Region Road,Named corridor,0.06371945010183298
303239543,303243190,Gladiola Road,Named corridor,0.06368890020366598
1927300997,1840729270,L.B. Scott Road,Named corridor,0.06365835030549898
1840729287,1840729288,L.B. Scott Road,Named corridor,0.06363034623217922
1840729288,1840729290,L.B. Scott Road,Named corridor,0.0635539714867617
271798678,271798676,Walter A. Nisbeth Road,Named corridor,0.06353105906313646
250652600,5319009556,Union Road,Named corridor,0.06344704684317719
271824212,4284401900,Middle Region Road,Named corridor,0.06343177189409369
5319009556,5111747793,Union Road,Named corridor,0.06340122199592668
5106176819,3656887985,A.T. Illidge Road,Named corridor,0.06336558044806517
5111747793,5100669093,Union Road,Named corridor,0.06330957230142566
5100669093,5100669105,Union Road,Named corridor,0.06326374745417515
5100669105,250652602,Union Road,Named corridor,0.06317209775967413
4284401900,271824207,Middle Region Road,Named corridor,0.06313136456211813
5106176819,3656887993,A.T. Illidge Road,Named corridor,0.06292006109979632
1967799972,303246975,Welfare Road,Named corridor,0.06289714867617108
271824207,271824206,Middle Region Road,Named corridor,0.06284114052953156
1840729270,1927340436,L.B. Scott Road,Named corridor,0.06282841140529531
3656887985,5106176824,A.T. Illidge Road,Named corridor,0.0627520366598778
3656887993,4284401944,A.T. Illidge Road,Named corridor,0.06261456211812627
271824219,5106010107,Middle Region Road,Named corridor,0.06257892057026476
271824206,4284401679,Middle Region Road,Named corridor,0.06255091649694501
4284401944,1639802302,A.T. Illidge Road,Named corridor,0.06251272912423625
4284328380,1840737733,Hulda B. Richardson Road,Named corridor,0.062443991853360484
1639802302,4284401913,A.T. Illidge Road,Named corridor,0.06241598778004073
4284401913,3656887982,A.T. Illidge Road,Named corridor,0.06231924643584521
5106176824,5105271249,A.T. Illidge Road,Named corridor,0.06231160896130346
1840737733,271824167,Hulda B. Richardson Road,Named corridor,0.062301425661914454
4284401679,271824202,Middle Region Road,Named corridor,0.06227087576374745
5106010107,271824217,Middle Region Road,Named corridor,0.0622632382892057
3656887982,1639802300,A.T. Illidge Road,Named corridor,0.06222250509164969
271824217,3657008827,Middle Region Road,Named corridor,0.061952647657841135
5292359398,5292359408,Border Roundabout,Named corridor,0.061738798370672095
1927340436,4284485794,L.B. Scott Road,Named corridor,0.06116853360488798
271798681,271798678,Walter A. Nisbeth Road,Named corridor,0.060626272912423625
4284485794,4085224978,L.B. Scott Road,Named corridor,0.06033859470468431
4085224978,1927340445,L.B. Scott Road,Named corridor,0.06029531568228105
303246897,5317090570,Welfare Road,Named corridor,0.06017057026476578
3194083998,271824226,Middle Region Road,Named corridor,0.059882892057026474
271824226,5081711365,Middle Region Road,Named corridor,0.059541751527494906
3656887985,5106176819,A.T. Illidge Road,Named corridor,0.05876782077393075
271824171,4284328380,Hulda B. Richardson Road,Named corridor,0.05865071283095723
1927340445,4284485827,L.B. Scott Road,Named corridor,0.05862525458248472
1840729290,1840729288,L.B. Scott Road,Named corridor,0.058592158859470465
1791676268,4284485847,L.B. Scott Road,Named corridor,0.058370672097759674
2644100879,3412399576,Border Roundabout,Named corridor,0.05826374745417515
4284485847,4284485848,L.B. Scott Road,Named corridor,0.05784623217922607
271823363,1918722915,A.J.C. Brouwersweg,Named corridor,0.05783095723014256
1918704176,3674367971,Emmancipation Roundabout,Named corridor,0.057800407331975556
4284485848,303239543,L.B. Scott Road,Named corridor,0.05745926680244399
3412399576,5292359398,Border Roundabout,Named corridor,0.05724541751527495
4284485758,4284485764,Church Hill Roundabout,Named corridor,0.05696028513238289
4284485827,5319059731,L.B. Scott Road,Named corridor,0.05695519348268839
1918631578,1918631561,Salt Pickers Roundabout,Named corridor,0.05694501018329939
5319059731,1791676268,L.B. Scott Road,Named corridor,0.056435845213849284
5105271249,3656887996,A.T. Illidge Road,Named corridor,0.05621435845213849
271824160,4284327691,Middle Region Road,Named corridor,0.05567209775967413
1639802337,4284402192,A.T. Illidge Road,Named corridor,0.05551171079429735
3656887996,4284402192,A.T. Illidge Road,Named corridor,0.055343686354378814
4284402192,3656887996,A.T. Illidge Road,Named corridor,0.05533350305498981
3656887996,5105271249,A.T. Illidge Road,Named corridor,0.05518584521384928
5105271249,5106176824,A.T. Illidge Road,Named corridor,0.05511456211812627
5106176824,3656887985,A.T. Illidge Road,Named corridor,0.054908350305498975
303247832,13076637177,Union Road,Named corridor,0.05461812627291242
4284327691,4284327689,Middle Region Road,Named corridor,0.05461812627291242
13076637177,250652600,Union Road,Named corridor,0.0545366598778004
4284402192,1639802337,A.T. Illidge Road,Named corridor,0.05450356415478615
5292575722,271986646,Little Bay Roundabout,Named corridor,0.054483197556008146
5317090570,250656119,Welfare Road,Named corridor,0.05429735234215886
4284327689,3194083998,Middle Region Road,Named corridor,0.054282077393075355
303247799,5125906794,Union Road,Named corridor,0.0539918533604888
1918704173,1918704177,Emmancipation Roundabout,Named corridor,0.05395621181262729
2644100867,5111727119,Simpson Bay Roundabout,Named corridor,0.05384419551934826
271798682,271798681,Walter A. Nisbeth Road,Named corridor,0.05356924643584521
5125906794,2644100879,Union Road,Named corridor,0.053533604887983706
1111757746,1639802337,A.T. Illidge Road,Named corridor,0.05345468431771894
303248790,2535480166,Welfare Road,Named corridor,0.0527622199592668
2535480166,303246897,Welfare Road,Named corridor,0.05267057026476578
1918631561,271798691,Walter A. Nisbeth Road,Named corridor,0.05242871690427698
271798691,271798686,Walter A. Nisbeth Road,Named corridor,0.052232688391038694
271798686,271798683,Walter A. Nisbeth Road,Named corridor,0.0520366598778004
1639802337,1111757746,A.T. Illidge Road,Named corridor,0.051397657841140525
5292359408,5125906922,Simpson Bay Causeway,Named corridor,0.051262729124236246
12648620834,12648620831,A.T. Illidge Road,Named corridor,0.05090885947046843
1918704188,3674367969,Emmancipation Roundabout,Named corridor,0.05083248472505091
5125906922,5927198472,Unresolved multi-name edge,Residual road group,0.050799389002036656
1840729290,1840729293,L.B. Scott Road,Named corridor,0.05068228105906313
12648620831,1111757746,A.T. Illidge Road,Named corridor,0.05064409368635438
271986646,5292575116,Octavius L. Richardson Road,Named corridor,0.05036405295315682
5927198472,2644100867,Simpson Bay Causeway,Named corridor,0.050348778004073315
271798683,271798682,Walter A. Nisbeth Road,Named corridor,0.05033859470468431
5082403701,1109617146,Arch Road,Named corridor,0.050328411405295315
1840729293,1840729290,L.B. Scott Road,Named corridor,0.05011965376782077
1109617146,1639802221,Arch Road,Named corridor,0.050071283095723014
5292575116,271993255,Octavius L. Richardson Road,Named corridor,0.04995926680244399
1111757746,12648620831,A.T. Illidge Road,Named corridor,0.0495162932790224
12648620831,12648620834,A.T. Illidge Road,Named corridor,0.04876272912423625
271809278,5081102791,Bush Road,Named corridor,0.04835285132382892
5081102791,279563147,Bush Road,Named corridor,0.0482764765784114
12741558226,12741558221,A.T. Illidge Road,Named corridor,0.04821028513238289
1111757709,1639802346,A.T. Illidge Road,Named corridor,0.048088085539714866
1703119667,5317215130,Unresolved multi-name edge,Residual road group,0.04791751527494908
1882266684,271986480,G. A. Arnell Boulevard,Named corridor,0.047886965376782074
12741558221,1111757709,A.T. Illidge Road,Named corridor,0.04783350305498981
279563147,1639802164,Bush Road,Named corridor,0.04781822810590631
271986480,5292575723,G. A. Arnell Boulevard,Named corridor,0.04746690427698574
1891813868,323003133,Manzanilla Steeg,Named corridor,0.04734979633401222
5292575723,5292575722,G. A. Arnell Boulevard,Named corridor,0.04732688391038696
12648620834,12741558226,A.T. Illidge Road,Named corridor,0.04716649694501018
1918631522,5292542892,Walter A. Nisbeth Road,Named corridor,0.046980651731160894
1840729297,1840729296,L.B. Scott Road,Named corridor,0.046932281059063136
1840729296,1840729295,L.B. Scott Road,Named corridor,0.04690682281059063
5082223675,1109616983,Arch Road,Named corridor,0.046596232179226066
5292542892,1840734739,Walter A. Nisbeth Road,Named corridor,0.046509674134419546
1109616983,5082403701,Arch Road,Named corridor,0.04641293279022403
271993364,1927324474,Octavius L. Richardson Road,Named corridor,0.04608706720977596
1840729295,1840729294,L.B. Scott Road,Named corridor,0.04607688391038696
271993428,271809259,Little Bay Road,Named corridor,0.046031059063136454
1840729294,1840729293,L.B. Scott Road,Named corridor,0.04580702647657841
3657930402,303246915,Wrigley Street,Named corridor,0.04579429735234215
1927324474,271993428,Little Bay Road,Named corridor,0.045532077393075354
1947649697,5081136035,Voorstraat,Named corridor,0.045532077393075354
271993255,271993258,Octavius L. Richardson Road,Named corridor,0.045532077393075354
1840734739,1840734737,Walter A. Nisbeth Road,Named corridor,0.04543533604887984
271809259,271809255,Little Bay Road,Named corridor,0.045381873727087574
1639802346,1639802350,A.T. Illidge Road,Named corridor,0.045190936863543786
1840729293,1840729294,L.B. Scott Road,Named corridor,0.04514511201629327
271993258,271993335,Unresolved multi-name edge,Residual road group,0.045132382892057024
1840734737,1918704176,Walter A. Nisbeth Road,Named corridor,0.04510692464358452
271809255,1947649697,Little Bay Road,Named corridor,0.04505091649694501
271993335,271993364,Octavius L. Richardson Road,Named corridor,0.04459266802443992
12741558226,12648620834,A.T. Illidge Road,Named corridor,0.044585030549898166
5317215130,5081663896,Bush Road,Named corridor,0.044526476578411404
1891813881,1891813868,Manzanilla Steeg,Named corridor,0.04442464358452138
5081663896,271809278,Bush Road,Named corridor,0.04436354378818737
3456873832,271802935,Sucker Garden Road,Named corridor,0.044142057026476576
303246915,3657930405,Waterfront Road,Named corridor,0.04390020366598778
271824171,303245174,Oyster Pond Road,Named corridor,0.04372963340122199
271802928,1840737699,Sucker Garden Road,Named corridor,0.043620162932790224
1840737699,5081747598,Sucker Garden Road,Named corridor,0.04346232179226069
5081747598,3456873832,Sucker Garden Road,Named corridor,0.043205193482688385
1973313656,1973313626,Oyster Pond Road,Named corridor,0.04309572301425662
5086477014,5082223675,Arch Road,Named corridor,0.04305498981670061
1973313626,303245174,Oyster Pond Road,Named corridor,0.0427825865580448
303245174,1973313626,Oyster Pond Road,Named corridor,0.0427571283095723
303245174,271824171,Oyster Pond Road,Named corridor,0.0427367617107943
271824154,271824160,Unresolved multi-name edge,Residual road group,0.04256619144602851
271802935,5081882369,Sucker Garden Road,Named corridor,0.042291242362525454
3706457462,5298422710,Wellington Road,Named corridor,0.04215122199592668
271802935,3456873832,Sucker Garden Road,Named corridor,0.041886456211812625
5102708796,1918631578,Salt Pickers Roundabout,Named corridor,0.04142566191446028
5111727119,5927162468,Airport Road,Named corridor,0.04141547861507128
303246928,3657930402,Wrigley Street,Named corridor,0.041300916496945006
1111757709,12741558221,A.T. Illidge Road,Named corridor,0.04126782077393075
12741558221,12741558226,A.T. Illidge Road,Named corridor,0.041135437881873724
5927162468,3844277824,Airport Road,Named corridor,0.04091649694501018
5081882369,271802937,Sucker Garden Road,Named corridor,0.04071283095723014
5081970683,271802984,Arch Road,Named corridor,0.040600814663951115
2644100857,2644100852,Simpson Bay Roundabout,Named corridor,0.040580448065173115
3844277824,1033359629,Airport Road,Named corridor,0.04041751527494908
4283330638,1791647090,Sucker Garden Road,Named corridor,0.040137474541751525
271824160,271824154,Unresolved multi-name edge,Residual road group,0.04005600814663951
5081136035,1891813881,Prakitzijn Steeg,Named corridor,0.039994908350305496
271802984,5086477014,Arch Road,Named corridor,0.039989816700611
1033359629,1790155105,Airport Roundabout,Named corridor,0.03992871690427698
1791647090,271802937,Sucker Garden Road,Named corridor,0.03990835030549898
303246975,250656114,Welfare Road,Named corridor,0.03988289205702648
1840729294,1840729295,L.B. Scott Road,Named corridor,0.039646130346232177
271802937,5081882369,Sucker Garden Road,Named corridor,0.03956466395112016
271802937,1791647090,Sucker Garden Road,Named corridor,0.03952902240325865
1639802346,1111757709,A.T. Illidge Road,Named corridor,0.039389002036659876
4283330638,4283330654,Sucker Garden Road,Named corridor,0.03921334012219959
5081882369,271802935,Sucker Garden Road,Named corridor,0.03910641547861507
1791647090,4283330638,Sucker Garden Road,Named corridor,0.038739816700610996
3456873832,5081747598,Sucker Garden Road,Named corridor,0.038490325865580446
1790155105,1033360408,Airport Road,Named corridor,0.03842158859470468
4283330654,4283330659,Sucker Garden Road,Named corridor,0.03841904276985743
2644100873,3412399573,Border Roundabout,Named corridor,0.03826374745417515
1639802221,1109617146,Arch Road,Named corridor,0.03820519348268839
5081747598,1840737699,Sucker Garden Road,Named corridor,0.03814154786150713
1791649355,5081747546,Arch Road,Named corridor,0.03807281059063136
271824171,4284327739,Bishop Hill Road,Named corridor,0.037953156822810585
1033360408,3924161815,Airport Road,Named corridor,0.03792260692464358
1840737699,271802928,Sucker Garden Road,Named corridor,0.0377622199592668
5081747546,5081970683,Arch Road,Named corridor,0.03771130346232179
4283330659,5081895367,Sucker Garden Road,Named corridor,0.03762474541751527
1639802350,1639802346,A.T. Illidge Road,Named corridor,0.03759928716904277
3412399573,5125906794,Union Road,Named corridor,0.03751782077393075
5125906794,303247799,Union Road,Named corridor,0.03746690427698574
3924161815,1792973817,Airport Road,Named corridor,0.03742362525458248
1791647067,4284327639,Sucker Garden Road,Named corridor,0.037311608961303463
1791647067,5081895367,Sucker Garden Road,Named corridor,0.03729887983706721
1840729295,1840729296,L.B. Scott Road,Named corridor,0.037232688391038694
5082403701,1109616983,Arch Road,Named corridor,0.037227596741344196
1109617146,5082403701,Arch Road,Named corridor,0.03715885947046843
3674367969,1840734737,Walter A. Nisbeth Road,Named corridor,0.03712067209775967
5081895367,4283330659,Sucker Garden Road,Named corridor,0.03707484725050916
1840734737,1840734739,Walter A. Nisbeth Road,Named corridor,0.036939918533604885
1792973817,250656239,Airport Road,Named corridor,0.03692464358452138
4283271705,1872384824,Belvedere Roundabout,Named corridor,0.036904276985743376
4284327639,271824154,Sucker Garden Road,Named corridor,0.03685336048879837
4283330659,4283330654,Sucker Garden Road,Named corridor,0.03685081466395112
5081895367,1791647067,Sucker Garden Road,Named corridor,0.03683044806517311
4283330654,4283330638,Sucker Garden Road,Named corridor,0.036626782077393075
5082223675,5086477014,Arch Road,Named corridor,0.036570773930753565
1947705542,4283254280,Walter A. Nisbeth Road,Named corridor,0.03643839103869653
1791649355,12925499612,Arch Road,Named corridor,0.03643839103869653
250656239,1033360634,Airport Road,Named corridor,0.03642566191446028
1109616983,5082223675,Arch Road,Named corridor,0.03639256619144603
1703119667,322994803,Walter A. Nisbeth Road,Named corridor,0.036390020366598774
1840729296,1840729297,L.B. Scott Road,Named corridor,0.0362652749490835
303247799,303247832,Union Road,Named corridor,0.03625763747454175
4283254280,322994661,Walter A. Nisbeth Road,Named corridor,0.03622199592668024
1033360634,1033360101,Maho Roundabout,Named corridor,0.036196537678207734
3674367971,1840734735,W. G. Buncamper Road,Named corridor,0.036097250509164965
322994803,1947705542,Walter A. Nisbeth Road,Named corridor,0.03597250509164969
5086477014,271802984,Arch Road,Named corridor,0.03596232179226069
1840729297,3709237697,L.B. Scott Road,Named corridor,0.035926680244399184
5081970683,5081747546,Arch Road,Named corridor,0.03589613034623218
12925499612,3456873844,Arch Road,Named corridor,0.03578665987780041
1840734739,5292542892,Walter A. Nisbeth Road,Named corridor,0.03570010183299389
303248788,303248790,The Corner Road,Named corridor,0.03566446028513238
5292542892,1918631665,Walter A. Nisbeth Road,Named corridor,0.03566191446028513
3456873844,12925499612,Arch Road,Named corridor,0.03565427698574338
1840734735,558621725,W. G. Buncamper Road,Named corridor,0.035605906313645616
3657930405,2535480166,Waterfront Road,Named corridor,0.03538187372708757
271824154,4284327639,Sucker Garden Road,Named corridor,0.03537423625254582
12925499612,1791649355,Arch Road,Named corridor,0.03528767820773931
1703119667,5327862431,A.T. Illidge Road,Named corridor,0.03527494908350305
250656114,250656118,Welfare Road,Named corridor,0.0352469450101833
5081747546,1791649355,Arch Road,Named corridor,0.03523930753564154
1639802350,12741558235,A.T. Illidge Road,Named corridor,0.035198574338085535
5298422710,303246928,Wellington Road,Named corridor,0.03503818737270876
5327862431,271810549,A.T. Illidge Road,Named corridor,0.03498981670061099
271810549,271822067,A.T. Illidge Road,Named corridor,0.03491089613034623
4284327739,5082413268,Bishop Hill Road,Named corridor,0.03485743380855397
250656118,3706457462,Wellington Road,Named corridor,0.03485234215885947
271802984,5081970683,Arch Road,Named corridor,0.03480142566191446
2535480166,303248790,Welfare Road,Named corridor,0.03445519348268839
12741558235,1639802353,A.T. Illidge Road,Named corridor,0.03445519348268839
319861601,319861602,Billy Folly Road,Named corridor,0.03414460285132383
5082413268,4284327744,Bishop Hill Road,Named corridor,0.03394093686354378
4284327639,1791647067,Sucker Garden Road,Named corridor,0.03379582484725051
1946861503,1840729298,L.B. Scott Road,Named corridor,0.03356415478615071
1840729298,3709237697,L.B. Scott Road,Named corridor,0.0335183299389002
2644100854,2644100859,Simpson Bay Roundabout,Named corridor,0.033424134419551936
1639802353,1111757692,A.T. Illidge Road,Named corridor,0.03336812627291242
558621725,1840734735,W. G. Buncamper Road,Named corridor,0.03328920570264766
1840734735,1918704173,W. G. Buncamper Road,Named corridor,0.0332713849287169
3709237697,1840729297,L.B. Scott Road,Named corridor,0.033179735234215885
1973313626,1973313656,Oyster Pond Road,Named corridor,0.03303207739307536
4284327744,4284327745,Bishop Hill Road,Named corridor,0.033024439918533606
558621725,558621731,W. G. Buncamper Road,Named corridor,0.032874236252545826
5292695648,271810549,A.T. Illidge Road,Named corridor,0.03287169042769857
1973313656,1973313655,Oyster Pond Road,Named corridor,0.03257892057026476
271810549,5327862431,A.T. Illidge Road,Named corridor,0.03244144602851324
5327862431,1703119667,A.T. Illidge Road,Named corridor,0.032217413441955195
4284327745,303245165,Bishop Hill Road,Named corridor,0.03210794297352342
1918704177,1840737675,Sucker Garden Road,Named corridor,0.03181517311608961
322994661,323003133,Walter A. Nisbeth Road,Named corridor,0.031636965376782074
319861602,1947004370,The Corner Road,Named corridor,0.031537678207739304
1840737675,1840737682,Sucker Garden Road,Named corridor,0.03146894093686354
271802928,303245600,Sucker Garden Road,Named corridor,0.03145621181262729
1947004370,3658023351,The Corner Road,Named corridor,0.031344195519348264
3658023351,303248788,The Corner Road,Named corridor,0.031247454175152747
1872384826,1872384829,Lower Prince Roundabout,Named corridor,0.03111252545824847
1840737685,1840737682,Sucker Garden Road,Named corridor,0.03100560081466395
1111760454,4283271694,A.T. Illidge Road,Named corridor,0.030969959266802443
558621731,1947680272,W. G. Buncamper Road,Named corridor,0.030939409368635436
1918631522,1918631665,Salt Pickers Roundabout,Named corridor,0.030784114052953154
303245600,7514153253,Sucker Garden Road,Named corridor,0.030621181262729124
4283271694,4283271705,A.T. Illidge Road,Named corridor,0.03060845213849287
3709237697,1840729298,L.B. Scott Road,Named corridor,0.030277494908350303
303243201,5118409630,Carnation Road,Named corridor,0.030119653767820772
5118409630,303243702,Carnation Road,Named corridor,0.030038187372708757
1840737682,1840737675,Sucker Garden Road,Named corridor,0.02987270875763747
7514153253,7514153252,Sucker Garden Road,Named corridor,0.029786150712830955
1840737675,1918704188,Sucker Garden Road,Named corridor,0.029709775967413442
303243702,303243190,Lily Road,Named corridor,0.029648676171079427
303248689,319861594,Billy Folly Road,Named corridor,0.02945010183299389
319861594,319861598,Billy Folly Road,Named corridor,0.02941955193482688
319861598,1033360035,Billy Folly Road,Named corridor,0.029389002036659877
1033360035,1033360489,Billy Folly Road,Named corridor,0.029327902240325863
1033360489,319861601,Billy Folly Road,Named corridor,0.02929735234215886
271798704,1947060985,Juancho Yrausquin Boulevard,Named corridor,0.029289714867617105
271798704,1947680272,Juancho Yrausquin Boulevard,Named corridor,0.029098778004073317
1947680272,271798704,Juancho Yrausquin Boulevard,Named corridor,0.029022403258655804
5102708796,5090336733,Soualiga Road,Named corridor,0.02900458248472505
271802920,7514153252,Sucker Garden Road,Named corridor,0.028989307535641547
1111757692,303244321,A.T. Illidge Road,Named corridor,0.028979124236252544
7514153252,271802920,Sucker Garden Road,Named corridor,0.02896639511201629
2644100859,5927198472,Simpson Bay Causeway,Named corridor,0.02891038696537678
5927198472,5125906922,Unresolved multi-name edge,Residual road group,0.02885183299389002
5125906922,2644100873,Simpson Bay Causeway,Named corridor,0.02880600814663951
1840729303,1840729302,L.B. Scott Road,Named corridor,0.02880091649694501
1973313655,1973313656,Oyster Pond Road,Named corridor,0.02879837067209776
7514153252,7514153253,Sucker Garden Road,Named corridor,0.028790733197556005
1840729302,1946861503,L.B. Scott Road,Named corridor,0.0287550916496945
271802920,7511127091,Sucker Garden Road,Named corridor,0.028724541751527492
1947680272,558621731,W. G. Buncamper Road,Named corridor,0.02871181262729124
5090336733,9464446358,Soualiga Road,Named corridor,0.02865071283095723
558621731,558621725,W. G. Buncamper Road,Named corridor,0.02860997963340122
7514153253,303245600,Sucker Garden Road,Named corridor,0.02860743380855397
303245600,271802928,Sucker Garden Road,Named corridor,0.02842413441955193
1840737682,1840737685,Sucker Garden Road,Named corridor,0.028032077393075356
1868688321,303246940,Well Road,Named corridor,0.027693482688391037
9464446358,2146370170,Soualiga Road,Named corridor,0.027589103869653766
1882266687,4283312617,Indigo Bay Roundabout,Named corridor,0.027492362525458246
303244321,5106110745,A.T. Illidge Road,Named corridor,0.027492362525458246
2644100852,2644100854,Simpson Bay Roundabout,Named corridor,0.027438900203665986
4284485705,271823360,Welgelegenweg,Named corridor,0.027423625254582484
1947060985,303252833,Unresolved multi-name edge,Residual road group,0.02730397148676171
2146370170,2146374859,Soualiga Road,Named corridor,0.027235234215885945
4983625051,1973273421,Well Road,Named corridor,0.026843177189409366
5106110745,1639802358,A.T. Illidge Road,Named corridor,0.0267642566191446
303248790,303248788,The Corner Road,Named corridor,0.026578411405295314
4283271723,6658708771,Lower Prince Roundabout,Named corridor,0.02646130346232179
1639802358,5105797418,A.T. Illidge Road,Named corridor,0.02640529531568228
303248788,3658023351,The Corner Road,Named corridor,0.026145621181262728
1973273421,1795426220,Well Road,Named corridor,0.02591140529531568
4284327739,271824171,Bishop Hill Road,Named corridor,0.025725560081466394
5105797418,1111760454,A.T. Illidge Road,Named corridor,0.025687372708757636
1639802353,12741558235,A.T. Illidge Road,Named corridor,0.025649185336048878
303246940,303246939,Well Road,Named corridor,0.025427698574338083
12741558235,1639802350,A.T. Illidge Road,Named corridor,0.025374236252545822
1111760454,5105797418,A.T. Illidge Road,Named corridor,0.025226578411405295
3658023351,1947004370,The Corner Road,Named corridor,0.025224032586558042
5105797418,1639802358,A.T. Illidge Road,Named corridor,0.024926171079429734
1033360101,3700519777,Rhine Road,Named corridor,0.024699592668024437
1973313655,5079795121,Oyster Pond Road,Named corridor,0.024676680244399184
1795426220,5101763235,Well Road,Named corridor,0.02455957230142566
5319274369,5107989768,Guana Bay Road,Named corridor,0.0245162932790224
5107989768,303245898,Guana Bay Road,Named corridor,0.0244908350305499
303245898,303245896,Guana Bay Road,Named corridor,0.024465376782077393
303245896,303245895,Guana Bay Road,Named corridor,0.024439918533604887
1795426214,1868688321,Well Road,Named corridor,0.02436354378818737
1639802358,5106110745,A.T. Illidge Road,Named corridor,0.02434826883910387
303245895,1840737685,Guana Bay Road,Named corridor,0.024338085539714865
5079795121,1033359743,Oyster Pond Road,Named corridor,0.024330448065173114
303252833,1947060985,Unresolved multi-name edge,Residual road group,0.02431262729124236
303241494,1840729303,L.B. Scott Road,Named corridor,0.02430244399185336
1840737685,303245895,Guana Bay Road,Named corridor,0.024287169042769854
1947060985,271798704,Juancho Yrausquin Boulevard,Named corridor,0.024261710794297352
1033359959,1033359743,Oyster Pond Road,Named corridor,0.024228615071283096
1033359743,5079795121,Oyster Pond Road,Named corridor,0.02420315682281059
3700519777,250656258,Rhine Road,Named corridor,0.024195519348268836
1872384824,4283271716,Bishop Hill Road,Named corridor,0.024180244399185334
6658708771,4283271694,A.T. Illidge Road,Named corridor,0.024149694501018327
1840729298,1946861503,L.B. Scott Road,Named corridor,0.024149694501018327
271802898,271802920,Arch Road,Named corridor,0.024111507128309572
7511127091,271802920,Sucker Garden Road,Named corridor,0.024103869653767818
319861602,319861601,Billy Folly Road,Named corridor,0.024075865580448063
5106110745,303244321,A.T. Illidge Road,Named corridor,0.02405804480651731
1927155379,4283387759,Cay Bay Road,Named corridor,0.02404786150712831
4283271694,1111760454,A.T. Illidge Road,Named corridor,0.0240020366598778
5079795121,1973313655,Oyster Pond Road,Named corridor,0.02399949083503055
4283271716,5106110765,Bishop Hill Road,Named corridor,0.02382128309572301
1946861503,1840729302,L.B. Scott Road,Named corridor,0.02379837067209776
2146374859,2146369466,Soualiga Road,Named corridor,0.023696537678207737
5101763256,4983625051,Well Road,Named corridor,0.02355397148676171
2146369466,271802889,Soualiga Road,Named corridor,0.023472505091649692
1947004370,319861602,The Corner Road,Named corridor,0.023380855397148674
1033359743,1033359959,Oyster Pond Road,Named corridor,0.023337576374745417
5101763235,1795426214,Well Road,Named corridor,0.023289205702647656
319861601,1033360489,Billy Folly Road,Named corridor,0.023212830957230143
250656258,1790168109,Rhine Road,Named corridor,0.023187372708757637
4283387759,5107448441,Cay Bay Road,Named corridor,0.02304989816700611
3456873832,3456873838,Cinnamon Cactus Road,Named corridor,0.02291496945010183
271823243,271823245,Mary's Fancy Roundabout,Named corridor,0.02290733197556008
303246975,4283387767,Windsor Road,Named corridor,0.022869144602851322
7511127091,1840737685,Sucker Garden Road,Named corridor,0.022820773930753564
1840729302,1840729303,L.B. Scott Road,Named corridor,0.022820773930753564
271802889,5106142941,Soualiga Road,Named corridor,0.02275967413441955
303246939,11827164756,Wellington Road,Named corridor,0.02275458248472505
4284485699,4284485705,Welgelegenweg,Named corridor,0.022680753564154783
303246960,303246933,Wellington Road,Named corridor,0.02266547861507128
5106110765,1111760460,Bishop Hill Road,Named corridor,0.022640020366598776
11827164756,303246921,Wellington Road,Named corridor,0.022617107942973523
303246933,1946905489,Wellington Road,Named corridor,0.022586558044806516
1111760460,303245165,Bishop Hill Road,Named corridor,0.022538187372708757
1111757692,1639802353,A.T. Illidge Road,Named corridor,0.022436354378818735
303246921,303246960,Wellington Road,Named corridor,0.02241089613034623
303244321,1111757692,A.T. Illidge Road,Named corridor,0.022387983706720977
303245895,303245896,Guana Bay Road,Named corridor,0.022339613034623215
5292575117,271986672,Little Bay Roundabout,Named corridor,0.022275967413441955
1033360489,1033360035,Billy Folly Road,Named corridor,0.022225050916496944
1872384829,4283271723,Lower Prince Roundabout,Named corridor,0.022079938900203665
303245165,4284327745,Bishop Hill Road,Named corridor,0.0220061099796334
303246941,3657955703,Well Road,Named corridor,0.021990835030549896
4284327745,4284327744,Bishop Hill Road,Named corridor,0.02190427698574338
4283387767,4283387764,Windsor Road,Named corridor,0.021871181262729123
271823444,271823437,Welgelegenweg,Named corridor,0.021863543788187372
4284327744,5082413268,Bishop Hill Road,Named corridor,0.021802443991853358
5118409145,303243201,Carnation Road,Named corridor,0.021718431771894094
5082413268,4284327739,Bishop Hill Road,Named corridor,0.02170061099796334
5106142941,271802897,Soualiga Road,Named corridor,0.02164714867617108
1918704177,1918704188,Emmancipation Roundabout,Named corridor,0.021631873727087574
3657955703,5318904028,Well Road,Named corridor,0.021575865580448064
1840729287,303239030,Saint Peters Road,Named corridor,0.021384928716904276
303245896,303245898,Guana Bay Road,Named corridor,0.021346741344195518
3674367971,1918704173,Emmancipation Roundabout,Named corridor,0.02119399185336049
1790168109,1319008785,Rhine Road,Named corridor,0.021171079429735232
1840729303,303241494,L.B. Scott Road,Named corridor,0.021160896130346232
3456873838,3456873844,Cinnamon Cactus Road,Named corridor,0.020995417515274947
3456873838,3456873832,Cinnamon Cactus Road,Named corridor,0.020964867617107943
3456873844,3456873838,Cinnamon Cactus Road,Named corridor,0.020926680244399185
303239030,1946846044,Saint Peters Road,Named corridor,0.020893584521384928
5318904028,4283348315,Well Road,Named corridor,0.02065936863543788
1927155379,5317090572,Cay Bay Road,Named corridor,0.02064409368635438
4283387764,1927155379,Unnamed / Residential,Residual road group,0.020519348268839104
1946846044,303239029,Saint Peters Road,Named corridor,0.02040987780040733
303245898,5107989768,Guana Bay Road,Named corridor,0.02035386965376782
271802897,271802898,Soualiga Road,Named corridor,0.020274949083503052
4283348315,5101763256,Well Road,Named corridor,0.02025458248472505
1033360035,319861598,Billy Folly Road,Named corridor,0.02024949083503055
5317090572,250656119,Cay Bay Road,Named corridor,0.020239307535641547
1033359542,3408794874,Maho Roundabout,Named corridor,0.020234215885947045
5107448441,1927155737,Cay Bay Road,Named corridor,0.02016293279022403
1033360744,1033360222,Maho Roundabout,Named corridor,0.02005600814663951
303248110,1069034502,Zircon Road,Named corridor,0.019834521384928715
1795420996,303247349,Port de Plaisance Drive,Named corridor,0.019786150712830956
303247349,303247832,Port de Plaisance Drive,Named corridor,0.019765784114052953
5082062352,303241487,Mildrum Road,Named corridor,0.01975560081466395
1033360501,1033360094,Airport Roundabout,Named corridor,0.01971486761710794
5105967491,4283387735,Indigo Bay Drive,Named corridor,0.01970977596741344
4283387735,1760729802,Indigo Bay Drive,Named corridor,0.019694501018329938
303241487,303241494,Mildrum Road,Named corridor,0.019674134419551934
1760729802,1882266679,Indigo Bay Drive,Named corridor,0.01965376782077393
1069034502,303248689,Zircon Road,Named corridor,0.019643584521384927
303245913,5319274369,Guana Bay Road,Named corridor,0.019633401221995927
1927155737,5082084403,Cay Bay Road,Named corridor,0.01955957230142566
5106110765,4283271716,Bishop Hill Road,Named corridor,0.01955702647657841
303253288,303253115,Pigeon Road,Named corridor,0.019531568228105905
5107448441,4283387759,Cay Bay Road,Named corridor,0.019521384928716905
303253115,303253109,Pigeon Road,Named corridor,0.0195112016293279
303253109,303252833,Goldfinch Road,Named corridor,0.019501018329938898
4283387759,1927155379,Cay Bay Road,Named corridor,0.019501018329938898
4283271716,1872384826,Bishop Hill Road,Named corridor,0.01940682281059063
4283312617,1882266675,Indigo Bay Roundabout,Named corridor,0.01940682281059063
271823505,271823457,Welgelegenweg,Named corridor,0.019389002036659875
1840737685,7511127091,Sucker Garden Road,Named corridor,0.019389002036659875
5107989768,5319274369,Guana Bay Road,Named corridor,0.01936099796334012
271993255,5292575116,Octavius L. Richardson Road,Named corridor,0.019279531568228106
1033360222,250656239,Airport Road,Named corridor,0.019266802443991853
319861598,319861594,Billy Folly Road,Named corridor,0.01926171079429735
250656239,1792973817,Airport Road,Named corridor,0.01925661914460285
1792973817,3924161815,Airport Road,Named corridor,0.01924643584521385
3924161815,1033360408,Airport Road,Named corridor,0.019236252545824846
1033360408,1033360501,Airport Road,Named corridor,0.019226069246435842
271823360,4284485705,Welgelegenweg,Named corridor,0.019226069246435842
1033360094,3844277824,Airport Road,Named corridor,0.019185336048879835
5292575116,5292575117,Octavius L. Richardson Road,Named corridor,0.019175152749490835
3844277824,5927162468,Airport Road,Named corridor,0.019175152749490835
5927162468,2644100857,Airport Road,Named corridor,0.01916496945010183
272111745,250656186,Airport Road,Named corridor,0.019002036659877798
271802920,271802898,Arch Road,Named corridor,0.01895875763747454
250656186,250656141,Unresolved multi-name edge,Residual road group,0.01894602851323829
5082084403,1927155295,Cay Bay Road,Named corridor,0.01865071283095723
271823457,3657247441,Welgelegenweg,Named corridor,0.01859979633401222
303239029,1946846044,Saint Peters Road,Named corridor,0.018592158859470468
1946846044,303239030,Saint Peters Road,Named corridor,0.018566700610997963
303239030,1840729287,Saint Peters Road,Named corridor,0.018548879837067208
4284485705,4284485699,Welgelegenweg,Named corridor,0.018467413441955193
5319274369,303245913,Guana Bay Road,Named corridor,0.01846232179226069
303242741,303242927,Flamboyant Road,Named corridor,0.01840631364562118
303245165,1111760460,Bishop Hill Road,Named corridor,0.018363034623217922
2146369466,2146374859,Soualiga Road,Named corridor,0.01835794297352342
319861594,303248689,Billy Folly Road,Named corridor,0.018273930753564153
5109767022,5109767023,Sr. Modesta Road,Named corridor,0.01825865580448065
3657247441,271823455,Welgelegenweg,Named corridor,0.01815173116089613
1791645399,1791649374,The Keys Road,Named corridor,0.01804989816700611
1791649374,271802928,The Keys Road,Named corridor,0.018029531568228105
271823452,271823449,Welgelegenweg,Named corridor,0.017986252545824845
271823449,4284485699,Welgelegenweg,Named corridor,0.017930244399185336
303252833,303253109,Goldfinch Road,Named corridor,0.017871690427698574
271823455,5081172614,Welgelegenweg,Named corridor,0.017810590631364562
4284485699,271823449,Welgelegenweg,Named corridor,0.01770112016293279
1927155295,5105831443,Cay Bay Road,Named corridor,0.017642566191446028
5081172614,279565023,Welgelegenweg,Named corridor,0.017642566191446028
303245913,303245920,Guana Bay Road,Named corridor,0.01755346232179226
1882266679,1760729802,Indigo Bay Drive,Named corridor,0.017464358452138493
1111760460,5106110765,Bishop Hill Road,Named corridor,0.017446537678207738
279565023,271823416,Welgelegenweg,Named corridor,0.01730651731160896
271823416,271823444,Welgelegenweg,Named corridor,0.017146130346232177
250656141,303248790,Welfare Road,Named corridor,0.017143584521384928
303242927,5118409145,Flamboyant Road,Named corridor,0.017128309572301426
5111727119,2644100857,Simpson Bay Roundabout,Named corridor,0.016922097759674133
5109767023,272111744,Sr. Modesta Road,Named corridor,0.01681262729124236
2146374859,2146370170,Soualiga Road,Named corridor,0.01680498981670061
272111744,272111745,Sr. Modesta Road,Named corridor,0.01680244399185336
271823449,271823452,Welgelegenweg,Named corridor,0.016738798370672096
5292575110,271986609,Little Bay Roundabout,Named corridor,0.016685336048879836
5105831443,303246828,Cay Bay Road,Named corridor,0.016634419551934825
303241494,303241487,Mildrum Road,Named corridor,0.016466395112016294
5105913991,303245708,Arch Road,Named corridor,0.016433299389002037
271823452,271823437,Welgelegenweg,Named corridor,0.016420570264765785
2146370170,9464446358,Soualiga Road,Named corridor,0.016339103869653766
271823349,271823298,A.J.C. Brouwersweg,Named corridor,0.016242362525458246
9464446358,5090336733,Soualiga Road,Named corridor,0.016183808553971484
5090336733,1918631578,Soualiga Road,Named corridor,0.016028513238289206
271802960,3456873844,Arch Road,Named corridor,0.015982688391038696
271823298,1882266687,A.J.C. Brouwersweg,Named corridor,0.01595723014256619
1795509407,1795509316,Rice Hill,Named corridor,0.01590376782077393
8587179326,8587179325,Unnamed / Residential,Residual road group,0.01586812627291242
271802960,5105913991,Arch Road,Named corridor,0.0157561099796334
271823437,271823452,Welgelegenweg,Named corridor,0.015720468431771894
3456873844,271802960,Arch Road,Named corridor,0.015674643584521385
271802898,271802897,Soualiga Road,Named corridor,0.015672097759674132
303245708,1947783689,Arch Road,Named corridor,0.01565427698574338
1760729802,4283387735,Indigo Bay Drive,Named corridor,0.015468431771894093
1946905489,303249771,Locas Tree Drive,Named corridor,0.015468431771894093
3657955703,303246941,Well Road,Named corridor,0.015432790224032586
303249771,250656114,Cashew Tree Road,Named corridor,0.015239307535641547
1795509297,1795509338,Rice Hill Estate Road,Named corridor,0.014923625254582483
303247355,1795420996,Port de Plaisance Drive,Named corridor,0.014913441955193481
1795509338,1795509407,Rice Hill Estate Road,Named corridor,0.014908350305498981
1795509316,1795509355,Rice Hill,Named corridor,0.014885437881873726
303246187,3194144108,Wavy Clam Road,Named corridor,0.014870162932790223
558702364,558702365,Pigeon Road,Named corridor,0.014862525458248472
1795509355,1973313656,Rice Hill,Named corridor,0.014854887983706721
4283373859,303247270,Almond Grove Road,Named corridor,0.014854887983706721
8587179325,5092567223,Unnamed / Residential,Residual road group,0.014849796334012219
3194144108,303246184,Queen Conch Road,Named corridor,0.014847250509164968
303247270,250652604,Almond Grove Road,Named corridor,0.014847250509164968
558702365,558702375,Pigeon Road,Named corridor,0.014842158859470468
303244077,5082062352,Mildrum Road,Named corridor,0.014831975560081466
303246184,303245920,Queen Conch Road,Named corridor,0.014831975560081466
1947783689,303245597,Arch Road,Named corridor,0.014819246435845214
5092567223,5105967491,Indigo Bay Drive,Named corridor,0.014793788187372708
303245920,303245913,Guana Bay Road,Named corridor,0.014740325865580448
5082084403,1927155737,Cay Bay Road,Named corridor,0.01470977596741344
5317215130,1703119667,Unresolved multi-name edge,Residual road group,0.014694501018329939
1927155737,5107448441,Cay Bay Road,Named corridor,0.014686863543788186
1639802164,279563147,Bush Road,Named corridor,0.014681771894093686
558702375,4282055225,Pigeon Road,Named corridor,0.014663951120162931
4282055225,303253288,Pigeon Road,Named corridor,0.014638492871690428
303253109,303253115,Pigeon Road,Named corridor,0.014401731160896129
303239525,303241090,Arrowroot Road,Named corridor,0.014299898167006109
303241090,303240963,Arrowroot Road,Named corridor,0.01420570264765784
271986672,271823461,Welgelegenweg,Named corridor,0.014096232179226068
271802956,5081882375,Arch Road,Named corridor,0.014086048879837066
303240963,5081832628,Arrowroot Road,Named corridor,0.013984215885947046
5081832628,303240998,Carrot Road,Named corridor,0.01395366598778004
303240998,303240997,Carrot Road,Named corridor,0.013948574338085539
303240997,1840729297,Lettuce Road,Named corridor,0.013923116089613033
5092567232,8587179326,Unnamed / Residential,Residual road group,0.013920570264765784
271823461,271823505,Welgelegenweg,Named corridor,0.013859470468431771
5081882375,303245597,Arch Road,Named corridor,0.013811099796334011
271802897,5106142941,Soualiga Road,Named corridor,0.013788187372708757
303245165,1109448630,Belvederd Estate Road,Named corridor,0.013767820773930753
303245597,1947783689,Arch Road,Named corridor,0.013719450101832993
1927155684,5128328500,Betty's Estate Road,Named corridor,0.01370672097759674
5128328500,5082546519,Betty's Estate Road,Named corridor,0.013686354378818736
271823437,271823444,Welgelegenweg,Named corridor,0.013612525458248472
303245597,5081882375,Arch Road,Named corridor,0.013566700610997963
1947783689,303245708,Arch Road,Named corridor,0.013536150712830956
5106142941,271802889,Soualiga Road,Named corridor,0.013525967413441954
303253115,303253288,Pigeon Road,Named corridor,0.01340376782077393
1840729290,303239177,Unnamed / Residential,Residual road group,0.013327393075356415
303245708,5105913991,Arch Road,Named corridor,0.013324847250509165
6677367413,6677367419,Unnamed / Residential,Residual road group,0.013251018329938899
271802889,2146369466,Soualiga Road,Named corridor,0.013220468431771893
3674367969,1918704176,Emmancipation Roundabout,Named corridor,0.01320264765784114
6677367419,1639802350,Union Farm Road,Named corridor,0.013189918533604888
5081882375,271802956,Arch Road,Named corridor,0.013149185336048879
303239177,303239171,Unnamed / Residential,Residual road group,0.012836048879837067
271823444,271823416,Welgelegenweg,Named corridor,0.012665478615071283
2644100852,5927198471,Airport Road,Named corridor,0.012632382892057026
4283387735,5105967491,Indigo Bay Drive,Named corridor,0.012474541751527493
303241487,5082062352,Mildrum Road,Named corridor,0.012474541751527493
303248689,303248050,Billy Folly Road,Named corridor,0.01234725050916497
1872384824,1872384826,Lower Prince Roundabout,Named corridor,0.012214867617107942
1033359959,5107960198,Oyster Pond Road,Named corridor,0.01220213849287169
5927198471,272111674,Airport Road,Named corridor,0.012169042769857433
271802956,3656830465,Arch Road,Named corridor,0.012125763747454174
279563147,5081102791,Bush Road,Named corridor,0.012085030549898167
5105913991,271802960,Arch Road,Named corridor,0.012079938900203665
1882266709,1882266687,Indigo Bay Roundabout,Named corridor,0.012044297352342158
303248050,303248200,Billy Folly Road,Named corridor,0.012023930753564154
303247799,2535460893,Port de Plaisance Drive,Named corridor,0.011975560081466394
303242739,1918592982,Arbutus Road,Named corridor,0.011934826883910387
303239029,303239028,Saint Peters Road,Named corridor,0.011911914460285132
322994661,1891813884,Percy Labega Street,Named corridor,0.0117591649694501
5107960198,271976577,Oyster Pond Road,Named corridor,0.01169806517311609
1918592984,1918592981,St John's Estate Road,Named corridor,0.011593686354378819
3672246173,1891813873,Voorstraat,Named corridor,0.011563136456211811
5105967491,5092567223,Indigo Bay Drive,Named corridor,0.011542769857433808
303245920,303246184,Queen Conch Road,Named corridor,0.011535132382892057
5082062352,303244077,Mildrum Road,Named corridor,0.011535132382892057
271823416,279565023,Welgelegenweg,Named corridor,0.011494399185336047
1946844986,1946844988,Bush Road,Named corridor,0.011300916496945009
3656830465,271802898,Arch Road,Named corridor,0.011295824847250509
1033360582,4283347854,Osborne Kruythoff Roundabout,Named corridor,0.011224541751527494
1319008785,1790122815,Rhine Road,Named corridor,0.01120162932790224
271976577,1497258980,Oyster Pond Road,Named corridor,0.011193991853360489
303246828,4283387739,Cay Bay Road,Named corridor,0.011145621181262728
271809278,5081663896,Bush Road,Named corridor,0.011137983706720977
4283348315,5318904028,Well Road,Named corridor,0.011135437881873727
5092567223,5092567232,Unnamed / Residential,Residual road group,0.011089613034623217
1946844988,4284485764,Bush Road,Named corridor,0.011064154786150712
1033359959,4283199039,Trivia Road,Named corridor,0.01105397148676171
5318904028,3657955703,Well Road,Named corridor,0.011033604887983706
1033360101,1033359542,Maho Roundabout,Named corridor,0.010987780040733197
2535460893,303247400,Port de Plaisance Drive,Named corridor,0.010977596741344195
5082546519,303242739,Arbutus Road,Named corridor,0.010913951120162932
279565023,5081172614,Welgelegenweg,Named corridor,0.010812118126272911
5081102791,271809278,Bush Road,Named corridor,0.010786659877800408
5082546519,303242741,Arbutus Road,Named corridor,0.010784114052953157
1790122815,278328983,Rhine Road,Named corridor,0.010692464358452138
3408794874,1033360744,Maho Roundabout,Named corridor,0.010651731160896129
1946814874,303243512,Sunflower Road,Named corridor,0.010588085539714867
1918592981,303239360,St John's Estate Road,Named corridor,0.010585539714867616
303244077,303244090,Mildrum Road,Named corridor,0.010585539714867616
272110821,272110817,Otter Road,Named corridor,0.01054735234215886
303246184,3194144108,Queen Conch Road,Named corridor,0.010532077393075356
250652604,303247270,Almond Grove Road,Named corridor,0.010532077393075356
1927340435,1918592979,Flamboyant Road,Named corridor,0.010529531568228105
272110817,271993255,Otter Road,Named corridor,0.01050661914460285
5081172614,271823455,Welgelegenweg,Named corridor,0.010470977596741343
1639802350,6677367419,Union Farm Road,Named corridor,0.010448065173116089
303247625,303247355,Unnamed / Unclassified,Residual road group,0.010420061099796334
1891813877,271798676,Tamarinda Steeg,Named corridor,0.010417515274949083
303239171,303239084,Unnamed / Residential,Residual road group,0.010386965376782077
1111757692,12741558230,Caines Drive,Named corridor,0.010366598778004072
303244323,303244494,George C. de Weever Road,Named corridor,0.010346232179226068
5081663896,5317215130,Bush Road,Named corridor,0.010282586558044806
271802898,3656830465,Arch Road,Named corridor,0.010236761710794297
4283347854,1927155341,Osborne Kruythoff Roundabout,Named corridor,0.01020621181262729
278328983,5098348157,Rhine Road,Named corridor,0.010183299389002035
303243190,303243702,Lily Road,Named corridor,0.010183299389002035
4283387739,1927155560,Cay Bay Road,Named corridor,0.010183299389002035
303244324,303244323,Nazareth Road,Named corridor,0.010122199592668024
250656141,250656186,Unresolved multi-name edge,Residual road group,0.010109470468431771
303244494,6677367413,Montevideo Road,Named corridor,0.010056008146639511
3656830465,271802956,Arch Road,Named corridor,0.010048370672097759
4283199039,1795516010,Trivia Road,Named corridor,0.01004582484725051
303247270,4283373859,Almond Grove Road,Named corridor,0.010030549898167006
303248200,1069035589,Billy Folly Road,Named corridor,0.010007637474541751
5130592914,1946814874,Sunflower Road,Named corridor,0.009989816700610997
2970143340,303292044,Sea Grape Drive,Named corridor,0.009989816700610997
303292044,250652600,Peter John Road,Named corridor,0.009979633401221995
5118264423,5118264426,Unnamed / Residential,Residual road group,0.009979633401221995
5105805994,1795509372,Rice Hill Estate Road,Named corridor,0.009979633401221995
1947004367,271823505,Llama Drive,Named corridor,0.009979633401221995
3656813308,3656813312,Sedums Cactus Drive,Named corridor,0.009979633401221995
3658399360,3658399361,Unnamed / Residential,Residual road group,0.009974541751527495
5101854019,5101855230,Fahrenheit Road,Named corridor,0.009969450101832993
5118264426,2670028315,Amazone Road,Named corridor,0.009969450101832993
272111684,272111694,Sr. Patientia Road,Named corridor,0.009969450101832993
303248694,303248110,Zircon Road,Named corridor,0.009969450101832993
1795509372,1795509300,Rice Hill Estate Road,Named corridor,0.009969450101832993
5292359408,2644100873,Border Roundabout,Named corridor,0.009966904276985742
5101855230,5101855225,Fahrenheit Road,Named corridor,0.009964358452138493
1795509300,1795509297,Rice Hill Estate Road,Named corridor,0.009959266802443991
5101855225,303247237,Fahrenheit Road,Named corridor,0.009959266802443991
271823437,271823374,Lion Road,Named corridor,0.009938900203665987
303247683,303247628,Unnamed / Unclassified,Residual road group,0.009933808553971486
4283103465,303246187,Wavy Clam Road,Named corridor,0.009933808553971486
303253293,558702364,Pigeon Road,Named corridor,0.009931262729124236
303253288,4282055225,Pigeon Road,Named corridor,0.009928716904276986
2670028315,1790176497,Amazone Road,Named corridor,0.009928716904276986
303247628,303247626,Unnamed / Unclassified,Residual road group,0.009928716904276986
303247626,303247625,Unnamed / Unclassified,Residual road group,0.009923625254582484
5105967735,5105967741,Unnamed / Residential,Residual road group,0.009923625254582484
3658399361,3658399358,Mildrum Road,Named corridor,0.009923625254582484
5105875725,303247274,Almond Grove Road,Named corridor,0.009918533604887984
1790176497,4282751601,Amazone Road,Named corridor,0.009918533604887984
1795515917,2970143353,Limpet Road,Named corridor,0.009918533604887984
3658399358,4283281282,Mildrum Road,Named corridor,0.009918533604887984
5105967741,4283387704,Indigo Bay Boulevard,Named corridor,0.009918533604887984
271803817,271803439,Beacon Hill Road,Named corridor,0.009918533604887984
2669989101,271976544,Oyster Pond Road,Named corridor,0.009918533604887984
271803439,1033360744,Beacon Hill Road,Named corridor,0.009913441955193482
4283387704,5092567232,Indigo Bay Blvde,Named corridor,0.009913441955193482
4283281282,303244090,Mildrum Road,Named corridor,0.009908350305498982
303247274,4283373859,Almond Grove Road,Named corridor,0.009908350305498982
2970143353,1795516010,Limpet Road,Named corridor,0.009908350305498982
1795516010,4283199039,Trivia Road,Named corridor,0.00990325865580448
303243702,5118409630,Carnation Road,Named corridor,0.009900712830957229
1069035589,303248200,Billy Folly Road,Named corridor,0.009898167006109978
303244090,303244077,Mildrum Road,Named corridor,0.009898167006109978
4282751601,1790168118,Amazone Road,Named corridor,0.009898167006109978
303239360,1918592981,St John's Estate Road,Named corridor,0.009898167006109978
1790168118,1319008785,Amazone Road,Named corridor,0.009893075356415478
4283199039,1033359959,Trivia Road,Named corridor,0.009893075356415478
1918592981,1918592984,St John's Estate Road,Named corridor,0.009887983706720976
303248200,303248050,Billy Folly Road,Named corridor,0.009877800407331975
271976544,3283102410,Oyster Pond Road,Named corridor,0.009877800407331975
1927155689,1927340435,Hybiscus Road,Named corridor,0.00985743380855397
271976401,5116267618,Melford Hazel Road,Named corridor,0.00985743380855397
5116267618,271824154,Melford Hazel Road,Named corridor,0.009837067209775967
3283102410,3283102489,Oyster Pond Road,Named corridor,0.009837067209775967
303246828,5105831443,Cay Bay Road,Named corridor,0.009837067209775967
271993364,271993335,Octavius L. Richardson Road,Named corridor,0.009834521384928716
303239076,303239077,Cantalope Road,Named corridor,0.009826883910386965
3283102489,1497258980,Oyster Pond Road,Named corridor,0.009826883910386965
5105831443,1927155295,Cay Bay Road,Named corridor,0.009826883910386965
1947048696,271811363,Achter Straat,Named corridor,0.009824338085539714
303239077,303238855,Apricot Road,Named corridor,0.009821792260692463
303248050,303248689,Billy Folly Road,Named corridor,0.009821792260692463
303239524,303239525,Unnamed / Residential,Residual road group,0.009816700610997963
1927155295,5082084403,Cay Bay Road,Named corridor,0.009816700610997963
303238855,303239061,Apricot Road,Named corridor,0.009816700610997963
303239061,303238683,Apricot Road,Named corridor,0.009811608961303462
303238683,303239029,Apricot Road,Named corridor,0.009806517311608962
1497258980,271976577,Oyster Pond Road,Named corridor,0.009806517311608962
271823505,271823461,Welgelegenweg,Named corridor,0.009796334012219958
271823455,3657247441,Welgelegenweg,Named corridor,0.009793788187372709
1319008785,1790168109,Rhine Road,Named corridor,0.009775967413441954
1790168109,250656258,Rhine Road,Named corridor,0.009770875763747454
271976577,5107960198,Oyster Pond Road,Named corridor,0.009765784114052952
5107960198,1033359959,Oyster Pond Road,Named corridor,0.009760692464358452
250656258,3700519777,Rhine Road,Named corridor,0.009760692464358452
3700519777,1033359542,Rhine Road,Named corridor,0.00975560081466395
5082546519,5128328500,Betty's Estate Road,Named corridor,0.009717413441955192
5118025428,1111760454,Oslo Road,Named corridor,0.00970468431771894
271809260,1947649697,Kerkhof Straat,Named corridor,0.009691955193482689
250656186,272111745,Airport Road,Named corridor,0.009656313645621181
303239360,1840729279,St John's Estate Road,Named corridor,0.009625763747454174
303247400,5125906733,Port de Plaisance Drive,Named corridor,0.009579938900203665
271823374,271823436,Lion Road,Named corridor,0.009577393075356416
1319008785,1790168118,Amazone Road,Named corridor,0.009577393075356416
4283373859,303247274,Almond Grove Road,Named corridor,0.009577393075356416
303244090,4283281282,Mildrum Road,Named corridor,0.009577393075356416
303243190,303243192,Gladiola Road,Named corridor,0.009569755600814663
1795516010,2970143353,Limpet Road,Named corridor,0.009541751527494908
1973313626,1795509309,Rice Hill,Named corridor,0.009529022403258655
271823461,5292575110,Welgelegenweg,Named corridor,0.009523930753564154
271823368,271823352,Panther Road,Named corridor,0.009516293279022403
5118409630,303243201,Carnation Road,Named corridor,0.009473014256619144
1946844986,1639802175,Bush Road,Named corridor,0.00945519348268839
303239171,303239177,Unnamed / Residential,Residual road group,0.00945519348268839
303239177,1840729290,Unnamed / Residential,Residual road group,0.009437372708757637
271809246,1947048695,Voorstraat,Named corridor,0.009429735234215886
1947649697,271809255,Little Bay Road,Named corridor,0.009383910386965377
303243192,5106576376,Gladiola Road,Named corridor,0.009373727087576373
272110974,5091285973,Tamarindelaan,Named corridor,0.009360997963340122
271811376,1891813877,Tamarinda Steeg,Named corridor,0.009360997963340122
12741558230,4284362600,Caines Drive,Named corridor,0.009358452138492871
271993335,271993258,Unresolved multi-name edge,Residual road group,0.00935590631364562
271809259,271993428,Little Bay Road,Named corridor,0.009343177189409368
1919289243,1919289228,Betty's Estate Road,Named corridor,0.009317718940936862
271993258,271993255,Octavius L. Richardson Road,Named corridor,0.009256619144602851
5106576376,303243192,Gladiola Road,Named corridor,0.009223523421588595
3657247441,271823457,Welgelegenweg,Named corridor,0.009223523421588595
1639802175,1946844986,Bush Road,Named corridor,0.009215885947046842
272111745,3698872219,Airport Road,Named corridor,0.009210794297352342
1946905489,303246933,Wellington Road,Named corridor,0.009182790224032586
1639802175,5081243471,Bush Road,Named corridor,0.009177698574338086
1497258980,3283102489,Oyster Pond Road,Named corridor,0.009177698574338086
303239084,5081517596,Unnamed / Residential,Residual road group,0.009170061099796333
5098348157,278331976,Rhine Road,Named corridor,0.009164969450101833
1919289228,1927155448,Betty's Estate Road,Named corridor,0.009129327902240325
1927155448,1927155684,Betty's Estate Road,Named corridor,0.009096232179226069
1790168118,4282751601,Amazone Road,Named corridor,0.009073319755600814
303243192,303243190,Gladiola Road,Named corridor,0.009073319755600814
3408794874,271803439,Beacon Hill Road,Named corridor,0.009073319755600814
303238682,303239028,Sugarapple Road,Named corridor,0.009063136456211813
1795509309,1795509313,Rice Hill,Named corridor,0.009042769857433809
271809255,271809259,Little Bay Road,Named corridor,0.009040224032586558
3194144108,303246187,Wavy Clam Road,Named corridor,0.009027494908350305
303239028,303239029,Saint Peters Road,Named corridor,0.009022403258655803
271993428,1927324474,Little Bay Road,Named corridor,0.008994399185336049
303252833,303255047,Grounddove Road,Named corridor,0.008976578411405294
4282055225,558702375,Pigeon Road,Named corridor,0.008935845213849287
272111019,272110821,Unresolved multi-name edge,Residual road group,0.008923116089613034
272111674,272111675,Sr. Patientia Road,Named corridor,0.008856924643584521
271811363,271807661,H. Beaujon Steeg,Named corridor,0.00880600814663951
303243512,303243201,Amaranthus Road,Named corridor,0.00880091649694501
271807661,271798681,H. Beaujon Steeg,Named corridor,0.008790733197556008
1947048683,1947048678,Front Street,Named corridor,0.008775458248472505
1967810908,1967810911,Mary's Fancy Roundabout,Named corridor,0.008747454175152748
5128328500,1927155684,Betty's Estate Road,Named corridor,0.008719450101832994
271802928,1791649374,The Keys Road,Named corridor,0.008630346232179226
1840729279,1111844952,St John's Estate Road,Named corridor,0.008612525458248472
5081243471,1639802175,Bush Road,Named corridor,0.00860997963340122
4282751601,1790176497,Amazone Road,Named corridor,0.008569246435845213
271803439,271803817,Beacon Hill Road,Named corridor,0.008569246435845213
303247274,5105875725,Almond Grove Road,Named corridor,0.008569246435845213
4283281282,3658399358,Mildrum Road,Named corridor,0.008569246435845213
2970143353,1795515917,Limpet Road,Named corridor,0.008533604887983706
1927324474,271993364,Octavius L. Richardson Road,Named corridor,0.008531059063136455
1872384829,4283271727,A.T. Illidge Road,Named corridor,0.008523421588594704
271986609,5292575723,G. A. Arnell Boulevard,Named corridor,0.008510692464358451
1891813884,1891813867,Percy Labega Street,Named corridor,0.008505600814663951
558702375,558702365,Pigeon Road,Named corridor,0.008492871690427698
272111694,272111711,Simpson Bay Road,Named corridor,0.008462321792260691
272111711,1791624399,Simpson Bay Road,Named corridor,0.00845213849287169
1791624399,272111712,Simpson Bay Road,Named corridor,0.008441955193482687
271823436,271823370,Tiger Road,Named corridor,0.008413951120162933
5106576376,1946839565,Gladiola Road,Named corridor,0.008411405295315682
272111712,272111734,Unnamed / Residential,Residual road group,0.00840631364562118
272111734,272111681,Sr. Modesta Road,Named corridor,0.008396130346232178
272111681,5109767022,Sr. Modesta Road,Named corridor,0.008391038696537678
271823370,271823355,Tiger Road,Named corridor,0.008383401221995926
271823457,271823505,Welgelegenweg,Named corridor,0.008375763747454175
4284362600,5106084647,Caines Drive,Named corridor,0.008350305498981669
4284362427,12648620834,Richardson Drive,Named corridor,0.008340122199592667
303246933,303246960,Wellington Road,Named corridor,0.008314663951120162
271824154,5116267618,Melford Hazel Road,Named corridor,0.008296843177189409
3656813312,1753978285,The Keys Road,Named corridor,0.008268839103869653
6677367413,303244494,Montevideo Road,Named corridor,0.008243380855397149
3657008832,3194083998,Ellis Road,Named corridor,0.008223014256619143
1753978285,1791645399,The Keys Road,Named corridor,0.008192464358452138
3283102489,3283102410,Oyster Pond Road,Named corridor,0.008169551934826883
5081517596,303239118,Unnamed / Residential,Residual road group,0.008167006109979632
5292575723,271986480,G. A. Arnell Boulevard,Named corridor,0.008141547861507129
1927155684,1927155448,Betty's Estate Road,Named corridor,0.008093177189409368
271986480,5292700111,G. A. Arnell Boulevard,Named corridor,0.00805244399185336
1069035589,5094620385,Billy Folly Road,Named corridor,0.008032077393075356
1795509313,1795509407,Rice Hill,Named corridor,0.008024439918533605
4283271727,1111818656,A.T. Illidge Road,Named corridor,0.008016802443991854
3657930405,303246897,Waterfront Road,Named corridor,0.008009164969450101
303242741,5082546519,Arbutus Road,Named corridor,0.007993890020366599
1927300993,1918722915,Church Hill Roundabout,Named corridor,0.007976069246435845
1891813867,271809260,Longwall Road,Named corridor,0.007965885947046843
1927155728,5292668974,Church Hill Roundabout,Named corridor,0.007935336048879837
272111675,272111708,Sr. Patientia Road,Named corridor,0.007932790224032586
1946839565,3456873865,Gladiola Road,Named corridor,0.00790478615071283
4284485758,1946844988,Bush Road,Named corridor,0.007828411405295315
5317090569,3706457462,Wellington Road,Named corridor,0.007808044806517311
271986672,5292575110,Little Bay Roundabout,Named corridor,0.007670570264765784
271986609,5292575722,Little Bay Roundabout,Named corridor,0.007665478615071283
303255047,303255104,Hummingbird Road,Named corridor,0.007637474541751527
1791649374,1791645399,The Keys Road,Named corridor,0.007632382892057026
1109448630,1109448631,Anna's Hoop Estate Road,Named corridor,0.007612016293279022
1111844952,1840729280,St John's Estate Road,Named corridor,0.007599287169042769
1891821238,3672246173,Voorstraat,Named corridor,0.007578920570264765
4283312617,271812481,A.J.C. Brouwersweg,Named corridor,0.0075763747454175145
1790176497,2670028315,Amazone Road,Named corridor,0.007561099796334012
303239028,303238682,Sugarapple Road,Named corridor,0.007561099796334012
1946844988,1946844986,Bush Road,Named corridor,0.007556008146639511
303244494,303244323,George C. de Weever Road,Named corridor,0.0075152749490835025
1111818656,1111818665,Golden Grove Estate Road,Named corridor,0.007510183299389002
558702365,558702364,Pigeon Road,Named corridor,0.007494908350305499
6677367419,6677367413,Unnamed / Residential,Residual road group,0.0074541751527494905
303248790,250656141,Welfare Road,Named corridor,0.007413441955193482
1973313655,5109208547,Gulf Scallop Drive,Named corridor,0.007408350305498981
3134903557,5131978537,Back Street,Named corridor,0.0073930753564154785
3656699070,1891813881,Achter Straat,Named corridor,0.007365071283095722
5106084647,4284362594,Caines Drive,Named corridor,0.0073421588594704676
7511127091,303245876,Kings Of The Sea Road,Named corridor,0.007326883910386965
303239118,3657225828,Unnamed / Residential,Residual road group,0.007319246435845214
5116267618,271976401,Melford Hazel Road,Named corridor,0.007298879837067209
271812481,1033359915,A.J.C. Brouwersweg,Named corridor,0.007191955193482688
1033359915,1033360582,A.J.C. Brouwersweg,Named corridor,0.007156313645621181
1946905489,303246931,Wellington Road,Named corridor,0.007125763747454174
303246187,4283103465,Wavy Clam Road,Named corridor,0.007057026476578411
5094620385,303248047,Billy Folly Road,Named corridor,0.007018839103869653
303246931,303246930,Wellington Road,Named corridor,0.006983197556008146
303246960,303246921,Wellington Road,Named corridor,0.006942464358452138
303246930,3704733951,Wellington Road,Named corridor,0.006845723014256619
3704733951,303246928,Wellington Road,Named corridor,0.006771894093686354
303244645,303244325,John Philips Road,Named corridor,0.0067693482688391034
303244325,303244324,Nazareth Road,Named corridor,0.006759164969450102
5101763256,4283348315,Well Road,Named corridor,0.006746435845213849
303242743,303242741,Arbutus Road,Named corridor,0.006713340122199592
303243201,5118409145,Carnation Road,Named corridor,0.0067107942973523415
1927155448,1919289228,Betty's Estate Road,Named corridor,0.006664969450101832
303245876,7511127091,Kings Of The Sea Road,Named corridor,0.006647148676171079
1947048687,1947048696,Achter Straat,Named corridor,0.006644602851323829
1927155341,1927155335,Osborne Kruythoff Roundabout,Named corridor,0.006634419551934827
271824163,5107794662,Defiance Road,Named corridor,0.006619144602851323
5298422710,3704733951,Wellington Road,Named corridor,0.00660386965376782
5105797416,4284362482,Caines Drive,Named corridor,0.006586048879837067
1840729280,1840729282,St John's Estate Road,Named corridor,0.006586048879837067
5081682851,4284362484,North Spring Drive,Named corridor,0.006575865580448065
4284362482,4284362594,Caines Drive,Named corridor,0.006575865580448065
5092567232,4283387704,Indigo Bay Blvde,Named corridor,0.006573319755600814
4283271746,303244655,Felix Marlin Road,Named corridor,0.006565682281059063
4284362594,5106084647,Caines Drive,Named corridor,0.006565682281059063
4284362484,1111757709,North Spring Drive,Named corridor,0.006560590631364562
5106084647,4284362600,Caines Drive,Named corridor,0.006555498981670061
558702364,303253293,Pigeon Road,Named corridor,0.006547861507128309
4284362600,12741558230,Caines Drive,Named corridor,0.006545315682281058
5131978537,1947048687,Achter Straat,Named corridor,0.006542769857433808
272111674,5927198471,Airport Road,Named corridor,0.0065402240325865574
12741558230,1111757692,Caines Drive,Named corridor,0.0065351323828920565
1840729293,303240581,Beryl Richardson Road,Named corridor,0.006519857433808554
1795509407,1795509338,Rice Hill Estate Road,Named corridor,0.006519857433808554
303246921,11827164756,Wellington Road,Named corridor,0.0065020366598778
5927198471,2644100854,Airport Road,Named corridor,0.006494399185336048
271976401,5105819319,Melford Hazel Road,Named corridor,0.006448574338085539
5091285973,271993364,Spanish Fort Road,Named corridor,0.006412932790224033
303242927,303242741,Flamboyant Road,Named corridor,0.0063645621181262725
4284362594,4284362482,Caines Drive,Named corridor,0.006334012219959266
3657225828,303239160,Unnamed / Residential,Residual road group,0.006316191446028513
303244323,303244324,Nazareth Road,Named corridor,0.006293279022403259
1111818665,1109448597,Golden Grove Estate Road,Named corridor,0.006290733197556008
303246930,303246931,Wellington Road,Named corridor,0.006229633401221996
279561398,279561406,Fort Hill Road,Named corridor,0.00620417515274949
279561404,279561553,Fort Willem Road,Named corridor,0.006193991853360488
3283102410,271976544,Oyster Pond Road,Named corridor,0.006173625254582485
3704733951,303246930,Wellington Road,Named corridor,0.006168533604887983
303239712,303239171,Pear Road,Named corridor,0.006168533604887983
5118409145,303242927,Flamboyant Road,Named corridor,0.006165987780040733
1927155560,11770931060,Lane 4,Named corridor,0.006109979633401222
4983625051,5101763256,Well Road,Named corridor,0.006061608961303462
279561406,279561404,Fort Willem Road,Named corridor,0.006041242362525458
279561553,5317215130,Fort Willem Road,Named corridor,0.006033604887983706
303248047,3703336813,Billy Folly Road,Named corridor,0.006010692464358452
1795426214,5101763235,Well Road,Named corridor,0.005972505091649694
303239029,303238683,Apricot Road,Named corridor,0.005891038696537678
3456873865,1946839564,Gladiola Road,Named corridor,0.005878309572301425
1947508262,271811376,Achter Straat,Named corridor,0.005829938900203666
303239160,5081121721,Unnamed / Residential,Residual road group,0.005814663951120163
303240581,1840729293,Beryl Richardson Road,Named corridor,0.00580448065173116
303246931,1946905489,Wellington Road,Named corridor,0.005791751527494908
1891813873,271811376,Tamarinda Steeg,Named corridor,0.005786659877800407
1918592982,303242739,Arbutus Road,Named corridor,0.005692464358452138
1840729298,303240998,Cabbage Road,Named corridor,0.005664460285132383
1109448630,1111765259,Belvederd Estate Road,Named corridor,0.005659368635437882
5105271249,5105271267,Hodge Lane,Named corridor,0.005659368635437882
303238971,303238973,Lemon Road,Named corridor,0.00565173116089613
5101763235,1795426220,Well Road,Named corridor,0.005623727087576374
11827164756,303246939,Wellington Road,Named corridor,0.005621181262729124
1868688321,1795426214,Well Road,Named corridor,0.0056135437881873725
303238973,5081121721,Unnamed / Residential,Residual road group,0.0056135437881873725
5107794662,4284327643,Defiance Road,Named corridor,0.00560081466395112
1840729282,303239887,St John's Estate Road,Named corridor,0.00560081466395112
1639802346,5106084650,Madrid Road,Named corridor,0.00560081466395112
303245920,303245924,Guana Bay Road,Named corridor,0.00560081466395112
303255104,303255078,Hummingbird Road,Named corridor,0.00560081466395112
5081121721,303239160,Unnamed / Residential,Residual road group,0.00559826883910387
303239160,3657225828,Unnamed / Residential,Residual road group,0.005588085539714867
303253293,303253794,Laughing Bird Road,Named corridor,0.005582993890020366
3657225828,303239118,Unnamed / Residential,Residual road group,0.005572810590631364
1947004343,1760249474,L. van Beethoven Road,Named corridor,0.005572810590631364
303239118,5081517596,Unnamed / Residential,Residual road group,0.005562627291242362
271798681,271807661,H. Beaujon Steeg,Named corridor,0.00554989816700611
5081517596,303239084,Unnamed / Residential,Residual road group,0.005547352342158859
303242877,1927155689,Hybiscus Road,Named corridor,0.005542260692464358
1947048678,3134903557,Hendrikstraat,Named corridor,0.005524439918533604
1795509338,1795509297,Rice Hill Estate Road,Named corridor,0.005516802443991853
1639802337,4284366872,Zorg en Rust Road,Named corridor,0.005486252545824847
3709237697,303240134,W.R. Plantz Road,Named corridor,0.005478615071283096
5105819319,1795530479,Melford Hazel Road,Named corridor,0.005455702647657841
1795426220,1973273421,Well Road,Named corridor,0.00545315682281059
303248689,1069034502,Zircon Road,Named corridor,0.005432790224032587
303238683,303239061,Apricot Road,Named corridor,0.005394602851323828
1973273421,4983625051,Well Road,Named corridor,0.005366598778004073
5317090570,5317090572,Cay Bay Road,Named corridor,0.005364052953156823
4284362482,5105797416,Caines Drive,Named corridor,0.0053258655804480646
1891813873,1891815949,Voorstraat,Named corridor,0.0052673116089613035
5317090572,1927155379,Cay Bay Road,Named corridor,0.005259674134419552
1840729294,303240136,W.B. Petersen Road,Named corridor,0.005259674134419552
1919289228,1919289243,Betty's Estate Road,Named corridor,0.005259674134419552
303242739,5082546519,Arbutus Road,Named corridor,0.005241853360488798
303246939,303246940,Well Road,Named corridor,0.005239307535641548
5105271267,3936303352,Hodge Lane,Named corridor,0.005224032586558044
1947048695,1947048696,Hotel Steeg,Named corridor,0.005175661914460285
250656196,272111674,Airport Road,Named corridor,0.005175661914460285
303240998,5081832628,Carrot Road,Named corridor,0.005160386965376781
303242643,1918736295,Pigeon Pea Road,Named corridor,0.0051527494908350305
250656114,303249771,Cashew Tree Road,Named corridor,0.005134928716904277
1891815949,1947508262,Drukker Steeg,Named corridor,0.005106924643584521
278331976,5097820166,Unresolved multi-name edge,Residual road group,0.005091649694501018
11770931060,1927155482,Lane 4,Named corridor,0.005091649694501018
303240021,5081594005,Ebenezer Road,Named corridor,0.005076374745417515
303246973,303246974,Orange Grove Road,Named corridor,0.005071283095723014
1109448631,1111818525,Annas Hoop Estate Road,Named corridor,0.005068737270875763
4283103465,1840738793,Wavy Clam Road,Named corridor,0.005066191446028513
303246828,5081627506,Guiro Road,Named corridor,0.005066191446028513
303253794,303254010,Pelican Road,Named corridor,0.005066191446028513
4283387704,5105967741,Indigo Bay Boulevard,Named corridor,0.005061099796334012
303240581,303240457,Beryl Richardson Road,Named corridor,0.00505346232179226
5105875725,4283376100,Almond Grove Road,Named corridor,0.005048370672097759
3658399358,3658399361,Mildrum Road,Named corridor,0.0050407331975560075
5081136035,1891821238,Voorstraat,Named corridor,0.005028004073319756
558621716,303255047,Grounddove Road,Named corridor,0.005028004073319756
5082464626,303242643,Radish Road,Named corridor,0.005017820773930753
303238857,303238965,Lemon Road,Named corridor,0.005015274949083503
5100669086,2970143340,Sea Grape Drive,Named corridor,0.005
1946814867,5130592914,Sunflower Road,Named corridor,0.005
272111003,272110998,Rabbit Road,Named corridor,0.005
5090152287,272110974,Camel Road,Named corridor,0.005
1791647059,1791647067,Column Cactus Drive,Named corridor,0.005
5082464624,5082464626,Unnamed / Residential,Residual road group,0.005
1791649413,271802960,Unnamed / Residential,Residual road group,0.005
5081725594,5081725600,Gladiola Road,Named corridor,0.005
5082062354,5082062352,Unnamed / Residential,Residual road group,0.005
5126047350,2970143340,Sea Grape Drive,Named corridor,0.005
5111723782,5111723776,Unnamed / Residential,Residual road group,0.005
9816259048,9816259047,Unnamed / Residential,Residual road group,0.005
3656846948,5105862514,Dominica Road,Named corridor,0.005
5081747838,3656813314,Unnamed / Residential,Residual road group,0.005
303254452,3656717365,Gullin Road,Named corridor,0.005
5108101070,1868688325,Unnamed / Residential,Residual road group,0.005
5322445671,4284328374,Unnamed / Residential,Residual road group,0.005
303239911,1840729282,Ponnum Drive,Named corridor,0.005
303240610,303240033,Melford A. Hazel Road,Named corridor,0.005
1927267039,4024314855,Unnamed / Residential,Residual road group,0.005
3657008826,5106586184,Bequia Drive,Named corridor,0.005
544045372,544045387,Eagle Road,Named corridor,0.005
5317215555,1947004247,Kudu Drive,Named corridor,0.005
303240859,4283212568,Unnamed / Residential,Residual road group,0.005
4283271747,303244641,Ch. Maccow Road,Named corridor,0.005
303239886,303239360,Abolition Drive,Named corridor,0.005
1791676265,1791676268,Charity Drive,Named corridor,0.005
4283156652,250652602,Madeleine Drive,Named corridor,0.005
1794953140,1794953143,Williams Drive,Named corridor,0.005
1791624397,272111918,F. Alfie Heileger Drive,Named corridor,0.005
1927267029,1927267026,Chestnut Turban Shell Road,Named corridor,0.005
4284327633,5081711365,St Lucia Drive,Named corridor,0.005
3709191251,1946844986,Wobble Vine Road,Named corridor,0.005
5081824388,1946850598,Banana Road,Named corridor,0.005
3974366445,303245913,Triton Shell Road,Named corridor,0.005
3656887983,5106176814,Bern Drive,Named corridor,0.005
5113273928,319861601,Onyx Road,Named corridor,0.005
5103841079,1791649375,King of the Sea Drive,Named corridor,0.005
5107067187,5107067184,Unnamed / Residential,Residual road group,0.005
542329759,558621716,Black Tern Road,Named corridor,0.005
5082484573,3657008827,Trinidad Drive,Named corridor,0.005
3703336822,3703336818,Unnamed / Residential,Residual road group,0.005
5106144244,5081711365,Southeast Arrindell Drive,Named corridor,0.005
5119429429,5081715704,Unnamed / Residential,Residual road group,0.005
5119429641,3657955703,Cannon Ball Tree Drive,Named corridor,0.005
4283330622,4283330624,Unnamed / Residential,Residual road group,0.005
3656887984,1639802300,Illidge Drive,Named corridor,0.005
4085224972,4085224978,Mortar Drive,Named corridor,0.005
4283103451,4283103454,Gaper Shell Drive,Named corridor,0.005
5110973288,271976401,Unnamed / Residential,Residual road group,0.005
5092567050,5105967491,Unnamed / Residential,Residual road group,0.005
5092258952,5092258956,Anise Drive,Named corridor,0.005
5092713964,5081629625,Unnamed / Residential,Residual road group,0.005
303244147,303244077,The Quill Road,Named corridor,0.005
4283373861,4283373871,Calabash Drive,Named corridor,0.005
5109219968,558702364,Great Blue Heron Drive,Named corridor,0.005
4283330625,4283330638,Christmas Cactus Drive,Named corridor,0.005
5101763261,5101763256,Urchin Tree Drive,Named corridor,0.005
4284401592,5113328869,Middle Region Road,Named corridor,0.005
4284401967,4284402189,Unnamed / Residential,Residual road group,0.005
5113615715,1919289219,Claude Estate Road,Named corridor,0.005
303247330,5105832763,Brownea Tree Drive,Named corridor,0.005
3975798072,3975798066,Unnamed / Residential,Residual road group,0.005
9797769010,2535486721,Sea Side Drive,Named corridor,0.005
5105797414,5105797415,Unnamed / Residential,Residual road group,0.005
5108089392,1795520090,Surf Clam Road,Named corridor,0.005
5317090598,3708335156,Unnamed / Residential,Residual road group,0.005
4284485694,4284485699,Antilope Drive,Named corridor,0.005
1109617192,1109617187,Oslo Road,Named corridor,0.004997454175152749
1947004247,1947004367,Unnamed / Residential,Residual road group,0.004994908350305498
3703336818,5109696701,Unnamed / Residential,Residual road group,0.004994908350305498
4283103454,4283103465,Guy's Estate Road,Named corridor,0.004994908350305498
3656717365,4282056976,Gullin Road,Named corridor,0.004994908350305498
272111918,272111686,Sr. Patientia Road,Named corridor,0.004994908350305498
1946850598,1946850234,Mango Road,Named corridor,0.004994908350305498
3708335156,1927155409,Unnamed / Residential,Residual road group,0.004994908350305498
4024314855,303246187,Ark Shell Road,Named corridor,0.004994908350305498
544045387,544045426,Eagle Road,Named corridor,0.004994908350305498
2669988805,4283126294,Unnamed / Residential,Residual road group,0.004994908350305498
4284328374,5322445660,Unnamed / Residential,Residual road group,0.004994908350305498
1918736295,303241494,L.B. Scott Road,Named corridor,0.004994908350305498
3658399364,3658399360,Unnamed / Residential,Residual road group,0.004994908350305498
4283373871,4283373879,Unnamed / Residential,Residual road group,0.004994908350305498
9816259047,303248695,Pearl Drive,Named corridor,0.004994908350305498
5116691676,5317343969,Unnamed / Residential,Residual road group,0.004994908350305498
5115113373,5105271275,Lambert Road,Named corridor,0.004994908350305498
5103937178,5103937177,Unnamed / Residential,Residual road group,0.004994908350305498
4284327719,1892258625,St Barths Drive,Named corridor,0.004994908350305498
4283212568,303239524,Unnamed / Residential,Residual road group,0.004994908350305498
1795509336,5105805994,Rice Hill Estate Road,Named corridor,0.004994908350305498
5113328869,5105941198,Middle Region Road,Named corridor,0.004994908350305498
5105271275,4284402200,Lambert Road,Named corridor,0.004992362525458248
1919289219,5105174587,Claude Estate Road,Named corridor,0.004992362525458248
5118264320,5118264423,Unnamed / Residential,Residual road group,0.004992362525458248
5118264318,5118264423,Unnamed / Residential,Residual road group,0.004992362525458248
5106110771,5106110762,Unnamed / Residential,Residual road group,0.004992362525458248
3656813314,3656813308,Sedums Cactus Drive,Named corridor,0.004992362525458248
5081629625,5105844548,Unnamed / Residential,Residual road group,0.004992362525458248
303253794,303253293,Laughing Bird Road,Named corridor,0.004992362525458248
5317343969,303253578,Mountaindove Road,Named corridor,0.004992362525458248
5105862514,5086477014,Dominica Road,Named corridor,0.004992362525458248
544045426,558621725,Unresolved multi-name edge,Residual road group,0.004989816700610997
5322445660,4284328380,Unnamed / Residential,Residual road group,0.004989816700610997
1868688325,1868688326,Marianne Estate Drive,Named corridor,0.004989816700610997
5101855224,5101854019,Fahrenheit Drive,Named corridor,0.004989816700610997
5107067184,271803838,White Sands Road,Named corridor,0.004989816700610997
1927155409,5107448441,Unnamed / Residential,Residual road group,0.004989816700610997
1927267026,4283105690,Pen Shell Road,Named corridor,0.004989816700610997
4282056976,558701475,Gullin Road,Named corridor,0.004989816700610997
5109696701,3703336813,Unnamed / Residential,Residual road group,0.004989816700610997
5081123758,5105839629,Paris Drive,Named corridor,0.004989816700610997
5105797415,4284362474,Caines Drive,Named corridor,0.004989816700610997
303248695,303248694,Zircon Road,Named corridor,0.004989816700610997
4284402200,1111757770,Lambert Road,Named corridor,0.004989816700610997
2535486721,8587179326,Sea Side Drive,Named corridor,0.004989816700610997
5105875713,2146369474,Unnamed / Residential,Residual road group,0.004989816700610997
5105832763,5105832762,Unnamed / Residential,Residual road group,0.004989816700610997
1946850234,303238794,Mango Road,Named corridor,0.004989816700610997
1795520090,1795519955,Surf Clam Road,Named corridor,0.004989816700610997
271803530,271803846,Staghorn Coral Road,Named corridor,0.004989816700610997
272111686,272111684,Sr. Patientia Road,Named corridor,0.004989816700610997
5103937177,6695329706,Unnamed / Residential,Residual road group,0.004989816700610997
1795519955,1795519979,Surf Clam Road,Named corridor,0.004987270875763747
303247376,303247380,Port de Plaisance Roundabout,Named corridor,0.004987270875763747
3975798066,5092392131,L. van Beethoven Road,Named corridor,0.004987270875763747
5105941198,271824202,Middle Region Road,Named corridor,0.004987270875763747
5106110762,5106110768,Unnamed / Residential,Residual road group,0.004987270875763747
5092392131,1760249474,L. van Beethoven Road,Named corridor,0.0049847250509164965
4284362474,4284362483,Caines Drive,Named corridor,0.0049847250509164965
6695329706,1791645399,Unnamed / Residential,Residual road group,0.0049847250509164965
4284402189,1111757746,Gibs Drive,Named corridor,0.0049847250509164965
2146369474,4274573759,Unnamed / Residential,Residual road group,0.0049847250509164965
1069034502,303248110,Zircon Road,Named corridor,0.0049847250509164965
558701475,303254183,Gullin Road,Named corridor,0.0049847250509164965
1795519979,5108089387,Surf Clam Road,Named corridor,0.0049847250509164965
271803838,271803539,White Sands Road,Named corridor,0.0049847250509164965
5106110768,5106110765,Unnamed / Residential,Residual road group,0.0049847250509164965
5105839629,4284327739,Paris Drive,Named corridor,0.0049847250509164965
4283126294,2669989101,Unnamed / Residential,Residual road group,0.0049847250509164965
4283330624,271802935,Unnamed / Residential,Residual road group,0.0049847250509164965
303247380,4283156661,Port de Plaisance Roundabout,Named corridor,0.004982179226069246
5105832762,5126046725,Calabash Road,Named corridor,0.004982179226069246
1868688326,1795426214,Marianne Estate Drive,Named corridor,0.004982179226069246
5105844548,5105844527,Unnamed / Residential,Residual road group,0.004982179226069246
4283105690,1840738793,Wavy Clam Road,Named corridor,0.004982179226069246
4284362483,5105797416,Caines Drive,Named corridor,0.0049796334012219955
4274573759,2146369466,Unnamed / Residential,Residual road group,0.0049796334012219955
5105844527,5081627506,Guiro Road,Named corridor,0.0049796334012219955
5108089387,1795515917,Surf Clam Road,Named corridor,0.0049796334012219955
303254183,303254010,Pelican Road,Named corridor,0.0049796334012219955
1840738793,4283103465,Wavy Clam Road,Named corridor,0.0049770875763747455
5081627506,303246828,Guiro Road,Named corridor,0.0049770875763747455
5081594005,1919289241,Ebenezer Road,Named corridor,0.004974541751527495
1760249474,1947004343,L. van Beethoven Road,Named corridor,0.004974541751527495
4283156661,303247634,Unnamed / Unclassified,Residual road group,0.004971995926680244
3703336813,303248047,Billy Folly Road,Named corridor,0.004971995926680244
4283373879,5105875725,Calabash Road,Named corridor,0.004969450101832994
1840729282,1840729280,St John's Estate Road,Named corridor,0.004969450101832994
303247634,303247683,Unnamed / Unclassified,Residual road group,0.004969450101832994
1791649375,7511299584,King of the Sea Road,Named corridor,0.004969450101832994
5105967519,5105967735,Unnamed / Residential,Residual road group,0.004969450101832994
271803846,271803502,Sea Urchin Road,Named corridor,0.004966904276985743
303240965,1946861503,Cucumber Road,Named corridor,0.004966904276985743
303254010,303253794,Pelican Road,Named corridor,0.004964358452138493
1840729280,1111844952,St John's Estate Road,Named corridor,0.004964358452138493
5126046725,4283376100,Calabash Road,Named corridor,0.004964358452138493
303241086,303241083,Boulanger Road,Named corridor,0.004961812627291242
4283376100,5105875725,Almond Grove Road,Named corridor,0.004961812627291242
303248047,5094620385,Billy Folly Road,Named corridor,0.004961812627291242
303248106,303248110,Opal Road,Named corridor,0.004961812627291242
271803502,271803817,Beacon Hill Road,Named corridor,0.004961812627291242
271803539,271803817,White Sands Road,Named corridor,0.004961812627291242
303238794,303238800,Raspberry Road,Named corridor,0.004959266802443992
303246940,1868688321,Well Road,Named corridor,0.004959266802443992
7511299584,303245876,King of the Sea Road,Named corridor,0.004959266802443992
1111844952,1840729279,St John's Estate Road,Named corridor,0.004959266802443992
5094620385,1069035589,Billy Folly Road,Named corridor,0.004956720977596741
1111757770,5105271270,Zorg en Rust Road,Named corridor,0.004956720977596741
1840729279,303239360,St John's Estate Road,Named corridor,0.004954175152749491
1794953143,272111717,Simpson Bay Road,Named corridor,0.00495162932790224
5105271270,4284366872,Zorg en Rust Road,Named corridor,0.00495162932790224
5107695011,1109448597,Golden Grove Estate Road,Named corridor,0.004949083503054989
4283387739,303246828,Cay Bay Road,Named corridor,0.004946537678207739
4284366872,1639802337,Zorg en Rust Road,Named corridor,0.004946537678207739
272111717,5109767022,Sr. Regina Road,Named corridor,0.004943991853360488
5079795128,5109208547,Gulf Scallop Drive,Named corridor,0.004936354378818737
303241083,1840729303,Boulanger Road,Named corridor,0.0049236252545824845
303239304,303239076,Honey Dew Road,Named corridor,0.004921079429735234
303238800,303238815,Strawberry Road,Named corridor,0.004921079429735234
303238815,303238681,Tangerine Road,Named corridor,0.0049185336048879836
303253578,303253395,Mountaindove Road,Named corridor,0.0049185336048879836
303253395,303253288,Mountaindove Road,Named corridor,0.004915987780040733
1109448597,1111818665,Golden Grove Estate Road,Named corridor,0.004903258655804481
1111818665,1111818656,Golden Grove Estate Road,Named corridor,0.004895621181262729
303239061,303238855,Apricot Road,Named corridor,0.004893075356415478
1111818656,4283271727,A.T. Illidge Road,Named corridor,0.004893075356415478
4283271727,4283271723,A.T. Illidge Road,Named corridor,0.004890529531568228
1919289241,1919289243,Orchid Road,Named corridor,0.004872708757637474
5081594427,303239524,Pigeon Pea Road,Named corridor,0.004872708757637474
303255047,303252833,Grounddove Road,Named corridor,0.0048650712830957225
303240033,303240581,Melford A. Hazel Road,Named corridor,0.00484979633401222
5108014130,5079795128,Unnamed / Residential,Residual road group,0.004844704684317719
303240134,303241404,W.R. Plantz Road,Named corridor,0.004824338085539714
303239084,1946846659,Apricot Road,Named corridor,0.004824338085539714
5109208547,1973313655,Gulf Scallop Drive,Named corridor,0.004814154786150712
5081121721,303238973,Unnamed / Residential,Residual road group,0.004811608961303462
303239171,303239712,Pear Road,Named corridor,0.00480142566191446
1919289243,1919289241,Orchid Road,Named corridor,0.00479887983706721
271823400,271823377,Cougar Road,Named corridor,0.004788696537678208
271823377,271823368,Welgelegen Drive,Named corridor,0.004786150712830957
1946846659,303239058,Apricot Road,Named corridor,0.004783604887983707
303241108,303241086,Boulanger Road,Named corridor,0.004783604887983707
1109617192,5118025428,Oslo Road,Named corridor,0.004783604887983707
303239058,5133721518,Apricot Road,Named corridor,0.0047530549898167004
3698872219,272111744,Unnamed / Residential,Residual road group,0.0046334012219959265
1891820221,271798678,Unnamed / Residential,Residual road group,0.004618126272912424
1111818525,1111818528,Unnamed / Residential,Residual road group,0.004607942973523421
3936303352,5081179360,Zorg en Rust Road,Named corridor,0.004582484725050916
303239887,1840729284,St John's Estate Road,Named corridor,0.004582484725050916
5097820166,5097820165,Unresolved multi-name edge,Residual road group,0.004582484725050916
303255078,303255080,Monte Vista Road,Named corridor,0.004582484725050916
4284327643,5107678713,Defiance Road,Named corridor,0.004582484725050916
2146374859,271809815,Unnamed / Residential,Residual road group,0.004582484725050916
3658399361,3657826862,Mildrum Road,Named corridor,0.004582484725050916
1111818528,1111818633,Rockland Estate Road,Named corridor,0.004582484725050916
1033359701,1033360582,Osborne Kruythoff Roundabout,Named corridor,0.0045773930753564155
2146369466,4274573759,Unnamed / Residential,Residual road group,0.004559572301425662
5105797416,4284362483,Caines Drive,Named corridor,0.004559572301425662
303254010,303254183,Pelican Road,Named corridor,0.004559572301425662
1795515917,5108089387,Surf Clam Road,Named corridor,0.004559572301425662
303246974,303246973,Orange Grove Road,Named corridor,0.00455193482688391
303241494,1918736295,L.B. Scott Road,Named corridor,0.00455193482688391
303239060,303238682,Sugarapple Road,Named corridor,0.004544297352342159
303238681,303238682,Tangerine Road,Named corridor,0.004544297352342159
303238965,303239060,Lime Road,Named corridor,0.004539205702647657
5125906733,303247626,Unnamed / Unclassified,Residual road group,0.004536659877800407
303247237,5101855225,Fahrenheit Road,Named corridor,0.004536659877800407
1795509297,1795509300,Rice Hill Estate Road,Named corridor,0.004536659877800407
5125906733,303247625,Port de Plaisance Drive,Named corridor,0.004534114052953156
5081725600,303243493,Gladiola Road,Named corridor,0.004526476578411405
5133721518,1840729288,Pomserette Road,Named corridor,0.004503564154786151
5317215130,279561553,Fort Willem Road,Named corridor,0.004503564154786151
4284366872,5105271270,Zorg en Rust Road,Named corridor,0.004473014256619144
1795530479,271976491,Melford Hazel Road,Named corridor,0.0044628309572301425
4283311681,272110974,Camel Road,Named corridor,0.004406822810590631
271993255,272110817,Otter Road,Named corridor,0.0044017311608961305
1946839564,303243491,Gladiola Road,Named corridor,0.004373727087576374
303243493,303243491,Gladiola Road,Named corridor,0.004358452138492871
303249771,1946905489,Locas Tree Drive,Named corridor,0.004345723014256619
303244321,6693513371,Nazareth Road,Named corridor,0.004338085539714868
303242883,1927155689,Oleander Road,Named corridor,0.004335539714867617
1947649697,271809260,Kerkhof Straat,Named corridor,0.004320264765784114
303243491,1946839564,Gladiola Road,Named corridor,0.004312627291242362
1946839564,3456873865,Gladiola Road,Named corridor,0.0042897148676171075
3456873865,1946839565,Gladiola Road,Named corridor,0.004279531568228106
1946839565,5106576376,Gladiola Road,Named corridor,0.004276985743380855
5091285973,5091285963,Spanish Fort Road,Named corridor,0.004243890020366598
5081832628,303240963,Arrowroot Road,Named corridor,0.004226069246435845
5106176814,5106176819,Unnamed / Residential,Residual road group,0.00420315682281059
3698872219,250656196,Airport Road,Named corridor,0.004190427698574338
1891821237,3656699070,Begroeide Steeg,Named corridor,0.004185336048879836
271976544,2669989101,Oyster Pond Road,Named corridor,0.004177698574338085
271809260,1891813867,Longwall Road,Named corridor,0.004167515274949084
279561553,279561404,Fort Willem Road,Named corridor,0.004154786150712831
1891815949,1891815948,Voorstraat,Named corridor,0.004144602851323829
272111744,5109767023,Sr. Modesta Road,Named corridor,0.004134419551934826
303238682,303238681,Tangerine Road,Named corridor,0.004124236252545824
303239028,303238968,Saint Peters Road,Named corridor,0.004121690427698574
5109767023,5109767022,Sr. Modesta Road,Named corridor,0.0041165987780040735
271809288,1703119667,Long Wall Road,Named corridor,0.004111507128309572
1111765259,1111818754,Villa Road,Named corridor,0.004075865580448065
5107678713,5105800166,Defiance Road,Named corridor,0.004073319755600814
1840737682,3456889794,Unnamed / Residential,Residual road group,0.0040605906313645615
271807661,271811363,H. Beaujon Steeg,Named corridor,0.0040605906313645615
303246973,4983625021,Orange Grove Road,Named corridor,0.0040580448065173115
1840738793,4283105690,Wavy Clam Road,Named corridor,0.004052953156822811
1918631564,5292542898,D.A. Peterson Street,Named corridor,0.00405040733197556
5101855225,5101855230,Fahrenheit Road,Named corridor,0.004032586558044806
303247626,303247628,Unnamed / Unclassified,Residual road group,0.004032586558044806
271803817,271803539,White Sands Road,Named corridor,0.004032586558044806
271803817,271803502,Beacon Hill Road,Named corridor,0.004032586558044806
303245876,7511299584,King of the Sea Road,Named corridor,0.004022403258655804
303238681,303238815,Tangerine Road,Named corridor,0.004014765784114052
1918631561,5292542883,Salt Pickers Roundabout,Named corridor,0.004007128309572301
2644100859,2644100867,Simpson Bay Roundabout,Named corridor,0.0040045824847250505
272111708,272111694,Sr. Patientia Road,Named corridor,0.003986761710794297
1947048697,1947048683,Voorstraat,Named corridor,0.003940936863543788
272110998,272111019,Rabbit Road,Named corridor,0.003940936863543788
303238855,303239077,Apricot Road,Named corridor,0.003940936863543788
303241404,303241405,Ebenezer Road,Named corridor,0.003930753564154786
303242927,303242877,Buttercup Road,Named corridor,0.003925661914460285
1111757709,4284362484,North Spring Drive,Named corridor,0.003918024439918533
5105271270,1111757770,Zorg en Rust Road,Named corridor,0.003895112016293279
1919289241,5081594005,Ebenezer Road,Named corridor,0.003882382892057026
272111734,272111712,Unnamed / Residential,Residual road group,0.0038798370672097756
303240963,303241090,Arrowroot Road,Named corridor,0.0038594704684317715
1109617187,1109617240,Unresolved multi-name edge,Residual road group,0.003816191446028513
1947048695,1947048697,Voorstraat,Named corridor,0.003744908350305499
5091285963,5091285968,Spanish Fort Road,Named corridor,0.0037296334012219957
1791645399,1753978285,The Keys Road,Named corridor,0.003706720977596741
1891813867,1891813884,Percy Labega Street,Named corridor,0.003676171079429735
303244324,303244325,Nazareth Road,Named corridor,0.0036430753564154783
1840729295,303239539,Peach Road,Named corridor,0.003640529531568228
271986646,5292575117,Little Bay Roundabout,Named corridor,0.003609979633401222
303241090,303239525,Arrowroot Road,Named corridor,0.003597250509164969
1891815948,271809249,Voorstraat,Named corridor,0.0035692464358452135
5081179360,303244751,Zorg en Rust Road,Named corridor,0.0035641547861507126
3657826862,303244110,Mildrum Road,Named corridor,0.0035641547861507126
303246982,303246983,H. Tion Sie Fat Street,Named corridor,0.0035641547861507126
1840729284,1927155453,St John's Estate Road,Named corridor,0.0035641547861507126
5106084650,4284362455,Madrid Road,Named corridor,0.0035641547861507126
1947004273,1947004269,Sea Island Cotton Road,Named corridor,0.0035641547861507126
5109208547,1973313632,Scallop Shell Road,Named corridor,0.0035641547861507126
303241487,4283283789,Mildrum Road,Named corridor,0.0035641547861507126
5105800166,1973313619,Defiance Road,Named corridor,0.0035641547861507126
2670028315,1790182411,Amazone Road,Named corridor,0.0035641547861507126
1111818633,1111818637,Delight Estate Road,Named corridor,0.0035641547861507126
278331976,278331968,Rhine Road,Named corridor,0.0035641547861507126
271809815,5105876921,Unnamed / Residential,Residual road group,0.0035641547861507126
5097820165,1640060651,Tigiris Road,Named corridor,0.0035641547861507126
1927155560,1927155600,Cay Bay Road,Named corridor,0.0035641547861507126
271798683,271807492,Codville Webster Street,Named corridor,0.0035539714867617108
4274573759,2146369474,Unnamed / Residential,Residual road group,0.003546334012219959
1760249474,5092392131,L. van Beethoven Road,Named corridor,0.003546334012219959
303254183,558701475,Gullin Road,Named corridor,0.003546334012219959
2669989101,4283126294,Unnamed / Residential,Residual road group,0.003546334012219959
1111757746,4284402189,Gibs Drive,Named corridor,0.003546334012219959
4284362483,4284362474,Caines Drive,Named corridor,0.003546334012219959
5108089387,1795519979,Surf Clam Road,Named corridor,0.003546334012219959
5106110765,5106110768,Unnamed / Residential,Residual road group,0.003546334012219959
4284327739,5105839629,Paris Drive,Named corridor,0.003546334012219959
5292542898,1840734742,D.A. Peterson Street,Named corridor,0.003546334012219959
271802935,4283330624,Unnamed / Residential,Residual road group,0.003546334012219959
271803539,271803838,White Sands Road,Named corridor,0.003546334012219959
1791645399,6695329706,Unnamed / Residential,Residual road group,0.003546334012219959
1109617187,1109617192,Oslo Road,Named corridor,0.003536150712830957
1795509300,1795509372,Rice Hill Estate Road,Named corridor,0.0035285132382892057
303248110,303248694,Zircon Road,Named corridor,0.0035285132382892057
2670028315,5118264426,Amazone Road,Named corridor,0.0035285132382892057
303247628,303247683,Unnamed / Unclassified,Residual road group,0.0035285132382892057
303247625,303247387,Port de Plaisance Drive,Named corridor,0.0035285132382892057
1795515917,1795516018,Limpet Road,Named corridor,0.0035285132382892057
4283376100,5126046725,Calabash Road,Named corridor,0.0035285132382892057
272111694,272111684,Sr. Patientia Road,Named corridor,0.0035285132382892057
1109617240,303244646,J.D. Meiners Road,Named corridor,0.003520875763747454
303244655,303244645,John Philips Road,Named corridor,0.0035183299389002034
1891813884,322994661,Percy Labega Street,Named corridor,0.0035132382892057025
272111708,272111734,Unnamed / Residential,Residual road group,0.0035030549898167
303238815,303238800,Strawberry Road,Named corridor,0.0034928716904276983
5109208547,5079795128,Gulf Scallop Drive,Named corridor,0.0034572301425661914
303239077,303239076,Cantalope Road,Named corridor,0.0034368635437881873
303239712,303242318,Cherrynut Road,Named corridor,0.0034139511201629327
303244641,303244645,Ch. Maccow Road,Named corridor,0.0034088594704684318
1892258625,3657008624,Ellis Road,Named corridor,0.0034037678207739304
303243491,303243493,Gladiola Road,Named corridor,0.00340122199592668
1891821237,1891813868,C.A. Cannegieter Street,Named corridor,0.003391038696537678
4284362426,5105705504,Unresolved multi-name edge,Residual road group,0.0033834012219959263
5105705504,4284362424,Richardson Drive,Named corridor,0.0033783095723014253
4284362424,4284362427,Richardson Drive,Named corridor,0.003375763747454175
303240457,303240459,Beryl Richardson Road,Named corridor,0.0033732179226069244
303240136,303240190,W.B. Petersen Road,Named corridor,0.0033732179226069244
303244646,303244324,J.D. Meiners Road,Named corridor,0.0033732179226069244
5091285968,279561438,Fort Hill Road,Named corridor,0.0033630346232179226
5105797417,1639802353,Quilletor Drive,Named corridor,0.003357942973523421
303242877,303242927,Buttercup Road,Named corridor,0.0033553971486761707
6693513371,303244723,Nazareth Road,Named corridor,0.003340122199592668
4283311681,272110941,Camel Road,Named corridor,0.0032662932790224032
3657008624,3657008832,Ellis Road,Named corridor,0.003256109979633401
303238973,3657225830,Unnamed / Residential,Residual road group,0.003195010183299389
303244655,5106547756,Félix Marlin Road,Named corridor,0.003192464358452138
5106547756,1109617187,Félix Marlin Road,Named corridor,0.003187372708757637
3194083998,3657008832,Ellis Road,Named corridor,0.003187372708757637
319861602,250656141,Billy Folly Road,Named corridor,0.003174643584521385
3134903557,271811347,Gevangenisstraat,Named corridor,0.0031644602851323826
303239539,303239536,Peach Road,Named corridor,0.003156822810590631
4983625021,1795427878,Orange Grove Road,Named corridor,0.003126272912423625
271993364,5091285973,Spanish Fort Road,Named corridor,0.003105906313645621
12648620834,4284362427,Richardson Drive,Named corridor,0.0031033604887983706
271811347,1840734740,C.A. Cannegieter Street,Named corridor,0.0030982688391038697
1927155341,1033360597,Union Road,Named corridor,0.0030626272912423623
3656699070,1891821238,Kruyhoff Steeg,Named corridor,0.003060081466395112
303247683,303247634,Unnamed / Unclassified,Residual road group,0.0030575356415478614
4284426424,3657907536,Dominica Road,Named corridor,0.003054989816700611
1111818637,1973316144,Delight Estate Road,Named corridor,0.003054989816700611
271807492,1891818535,Codville Webster Street,Named corridor,0.00304989816700611
5105967741,5105967518,Indigo Bay Boulevard,Named corridor,0.0030448065173116086
1840734740,1840734742,D.A. Peterson Street,Named corridor,0.0030448065173116086
1795519979,1795519955,Surf Clam Road,Named corridor,0.0030397148676171077
5106110768,5106110762,Unnamed / Residential,Residual road group,0.0030397148676171077
1795426214,1868688326,Marianne Estate Drive,Named corridor,0.0030397148676171077
303238800,303238794,Raspberry Road,Named corridor,0.0030397148676171077
5126046725,5105832762,Calabash Road,Named corridor,0.0030397148676171077
1840734742,5292542898,D.A. Peterson Street,Named corridor,0.0030397148676171077
5081627506,5105844527,Guiro Road,Named corridor,0.0030397148676171077
5292542898,5292542895,D.A. Peterson Street,Named corridor,0.003034623217922607
3658399358,3658399359,Unnamed / Residential,Residual road group,0.0030244399185336045
5101855230,5101854019,Fahrenheit Road,Named corridor,0.0030244399185336045
5105875725,4283373879,Calabash Road,Named corridor,0.0030244399185336045
303240021,5109164370,Ebenezer Road,Named corridor,0.003011710794297352
3703336813,303247941,Billy Folly Road,Named corridor,0.0030066191446028513
303239525,303239524,Unnamed / Residential,Residual road group,0.0029989816700610994
303253288,303253395,Mountaindove Road,Named corridor,0.0029887983706720976
303253109,558702374,Goldfinch Road,Named corridor,0.0029786150712830957
1109448597,5107695011,Golden Grove Estate Road,Named corridor,0.002976069246435845
5081594005,303240021,Ebenezer Road,Named corridor,0.002965885947046843
303241405,303241434,Ebenezer Road,Named corridor,0.0029480651731160893
303238682,303239060,Sugarapple Road,Named corridor,0.002945519348268839
272111674,250656196,Airport Road,Named corridor,0.0029251527494908347
4284362484,5081682851,North Spring Drive,Named corridor,0.002914969450101833
1891813884,1891813868,C.A. Cannegieter Street,Named corridor,0.0029073319755600815
303242318,303242333,Cherrynut Road,Named corridor,0.00290224032586558
303238968,303238661,Saint Peters Road,Named corridor,0.0028996945010183297
271823352,271823368,Panther Road,Named corridor,0.0028869653767820773
303240459,303240145,Beryl Richardson Road,Named corridor,0.002884419551934827
279561438,279561398,Fort Hill Road,Named corridor,0.002866598778004073
1891813868,1891821237,C.A. Cannegieter Street,Named corridor,0.0028640529531568227
1892258685,4329433717,Bimini Road,Named corridor,0.0028615071283095723
1109448597,1111818517,Golden Grove Estate Road,Named corridor,0.00285132382892057
303245876,5103841080,King of the Sea Road,Named corridor,0.0028335030549898163
279561404,279561406,Fort Willem Road,Named corridor,0.002820773930753564
272110941,272110821,Camel Road,Named corridor,0.002810590631364562
1033360597,2970143300,Union Road,Named corridor,0.0028029531568228103
1753978285,3656813312,The Keys Road,Named corridor,0.002764765784114053
1947048678,1947680282,Voorstraat,Named corridor,0.0027418533604887984
271809249,271809246,Voorstraat,Named corridor,0.0027189409368635438
1918736295,303242283,Reward Road,Named corridor,0.002696028513238289
1111760454,5118025428,Oslo Road,Named corridor,0.0026883910386965373
5109767022,272111717,Sr. Regina Road,Named corridor,0.0026654786150712827
303243201,303243512,Amaranthus Road,Named corridor,0.0026527494908350304
558702374,303252843,Goldfinch Road,Named corridor,0.00265020366598778
303243512,1946814874,Sunflower Road,Named corridor,0.0026476578411405295
2970143300,2970143301,Union Road,Named corridor,0.0026400203665987777
1918592979,1927340435,Flamboyant Road,Named corridor,0.0026221995926680244
1111818754,1584722491,Villa Road,Named corridor,0.0026018329938900203
5105967518,9316551315,Indigo Bay Boulevard,Named corridor,0.002586558044806517
272110941,4283311681,Camel Road,Named corridor,0.0025738289205702648
272111712,1791624399,Simpson Bay Road,Named corridor,0.002566191446028513
303243493,5081725600,Gladiola Road,Named corridor,0.00255091649694501
1790494610,13206464868,Mahoe Tree Drive,Named corridor,0.002545824847250509
303246939,303246944,Well Road,Named corridor,0.002545824847250509
4284402189,5082534970,Gibs Drive,Named corridor,0.002545824847250509
1973313632,5081290990,Scallop Shell Road,Named corridor,0.002545824847250509
303245924,4283103412,Guana Bay Drive,Named corridor,0.002545824847250509
303245924,303245931,Guana Bay Road,Named corridor,0.002545824847250509
303242333,303290919,Unnamed / Residential,Residual road group,0.002545824847250509
271823452,279563498,Zebra Drive,Named corridor,0.002545824847250509
1973313619,5107794645,Acklin Island Drive,Named corridor,0.002545824847250509
303246983,5101763222,H. Tion Sie Fat Street,Named corridor,0.002545824847250509
1927155600,303246886,Cay Bay Road,Named corridor,0.002545824847250509
4283330624,1791647060,Unnamed / Residential,Residual road group,0.002545824847250509
303255080,303255086,Monte Vista Road,Named corridor,0.002545824847250509
1790182411,1790182489,Amazone Road,Named corridor,0.002545824847250509
1947004269,1947004306,Sea Island Cotton Road,Named corridor,0.002545824847250509
271976491,1795530427,Clam Shell Drive,Named corridor,0.002545824847250509
279563147,279563149,Blyden's Drive,Named corridor,0.002545824847250509
4284362455,5105707323,Madrid Road,Named corridor,0.002545824847250509
3656887993,12648583079,Paramaribo Drive,Named corridor,0.002545824847250509
271824219,5106144237,Brown Drive,Named corridor,0.002545824847250509
271802897,4283415851,Pendant Cactus Road,Named corridor,0.002545824847250509
4284327691,4284327662,Ols Man Cactus Road,Named corridor,0.002545824847250509
303244110,5116134150,Mildrum Road,Named corridor,0.002545824847250509
6677367419,303244591,Unresolved multi-name edge,Residual road group,0.002545824847250509
1927155482,5298475118,Unnamed / Residential,Residual road group,0.002545824847250509
303239029,5133721518,Apricot Road,Named corridor,0.0025381873727087574
303247634,4283156661,Unnamed / Unclassified,Residual road group,0.002535641547861507
5107448441,1927155409,Unnamed / Residential,Residual road group,0.0025330957230142565
1111757770,4284402200,Lambert Road,Named corridor,0.0025330957230142565
5105832762,5105832763,Unnamed / Residential,Residual road group,0.0025330957230142565
2146369474,5105875713,Unnamed / Residential,Residual road group,0.0025330957230142565
5105839629,5081123758,Paris Drive,Named corridor,0.0025330957230142565
558621725,544045426,Unresolved multi-name edge,Residual road group,0.0025330957230142565
3703336813,5109696701,Unnamed / Residential,Residual road group,0.0025330957230142565
303238794,1946850234,Mango Road,Named corridor,0.0025330957230142565
6695329706,5103937177,Unnamed / Residential,Residual road group,0.0025330957230142565
271803838,5107067184,White Sands Road,Named corridor,0.0025330957230142565
3456889794,5319274389,Unnamed / Residential,Residual road group,0.0025330957230142565
558701475,4282056976,Gullin Road,Named corridor,0.0025330957230142565
8587179326,2535486721,Sea Side Drive,Named corridor,0.0025330957230142565
1795519955,1795520090,Surf Clam Road,Named corridor,0.0025330957230142565
303248694,303248695,Zircon Road,Named corridor,0.0025330957230142565
272111684,272111686,Sr. Patientia Road,Named corridor,0.0025330957230142565
4284362474,5105797415,Caines Drive,Named corridor,0.0025330957230142565
4284328380,5322445660,Unnamed / Residential,Residual road group,0.0025330957230142565
4283105690,1927267026,Pen Shell Road,Named corridor,0.0025330957230142565
303247387,303247383,Port de Plaisance Drive,Named corridor,0.0025203665987780038
3656813312,3656813308,Sedums Cactus Drive,Named corridor,0.0025203665987780038
1795509372,5105805994,Rice Hill Estate Road,Named corridor,0.0025203665987780038
5118264426,5118264423,Unnamed / Residential,Residual road group,0.0025203665987780038
250652600,303292044,Peter John Road,Named corridor,0.0025203665987780038
271823505,1947004367,Llama Drive,Named corridor,0.0025203665987780038
303247941,303247939,Opal Road,Named corridor,0.0025
4283387735,5105967514,Ocean Drive,Named corridor,0.0025
279561398,279561438,Fort Hill Road,Named corridor,0.0024872708757637473
303253395,303253578,Mountaindove Road,Named corridor,0.0024821792260692464
2970143301,250656108,Union Road,Named corridor,0.0024770875763747455
303240145,1111821484,Ebenezer Road,Named corridor,0.0024439918533604886
1891813881,271809260,Achter Straat,Named corridor,0.002426171079429735
1840734742,1840734740,D.A. Peterson Street,Named corridor,0.0024134419551934826
272110817,272110821,Otter Road,Named corridor,0.002405804480651731
3456873838,12925499616,Unnamed / Residential,Residual road group,0.0023930753564154784
5081725600,1946839582,Gladiola Road,Named corridor,0.002390529531568228
250656196,3698872219,Airport Road,Named corridor,0.002385437881873727
271811363,1947508242,Achter Straat,Named corridor,0.00235234215885947
250656108,2970143304,Union Road,Named corridor,0.002339613034623218
3698872219,272111745,Airport Road,Named corridor,0.0022632382892057027
5109164370,303240143,Ebenezer Road,Named corridor,0.0022479633401221995
4284362427,4284362424,Richardson Drive,Named corridor,0.0022479633401221995
271824202,5105941198,Middle Region Road,Named corridor,0.002245417515274949
271811363,271809246,Schoolsteeg,Named corridor,0.0022174134419551935
303243512,1918600227,Queen of Flowers Road,Named corridor,0.002207230142566191
3657008832,3657008624,Ellis Road,Named corridor,0.0022046843177189407
1795427878,4283347877,Orange Grove Road,Named corridor,0.0022046843177189407
1947508242,1891815943,Achter Straat,Named corridor,0.0021843177189409366
2970143311,2970143312,Union Road,Named corridor,0.002181771894093686
3657225830,303239170,Unnamed / Residential,Residual road group,0.002176680244399185
272111717,1794953143,Simpson Bay Road,Named corridor,0.0021639511201629325
303244324,303244646,J.D. Meiners Road,Named corridor,0.00215122199592668
303244325,303244645,John Philips Road,Named corridor,0.002146130346232179
2970143304,2970143305,Union Road,Named corridor,0.0021384928716904274
303239536,5082464649,Pear Road,Named corridor,0.0021130346232179223
5091285973,272110974,Tamarindelaan,Named corridor,0.002085030549898167
5133721518,303239058,Apricot Road,Named corridor,0.002074847250509165
2970143305,5111244021,Union Road,Named corridor,0.0020723014256619145
3656813312,1791645405,The Keys Road,Named corridor,0.002062118126272912
2970143312,250656105,Union Road,Named corridor,0.0020595723014256617
271823355,271823370,Tiger Road,Named corridor,0.0020392057026476576
5105876921,5105876939,Unnamed / Residential,Residual road group,0.002036659877800407
3657907536,5113997839,Dominica Drive,Named corridor,0.002036659877800407
5101763222,1967799945,C. A. Levendag Street,Named corridor,0.002036659877800407
1973316144,1111818630,Delight Estate Road,Named corridor,0.002036659877800407
1790182489,1790182461,Unnamed / Residential,Residual road group,0.002036659877800407
4283415851,4283415847,Pendant Cactus Road,Named corridor,0.002036659877800407
1927155453,1946875644,Durat Road,Named corridor,0.002036659877800407
278331968,1703120332,Rhine Road,Named corridor,0.002036659877800407
1795516018,5108089364,Wentel Drive,Named corridor,0.002036659877800407
4283156661,13395914839,Port de Plaisance Roundabout,Named corridor,0.002036659877800407
1109448631,1973316129,Anna's Hoop Estate Road,Named corridor,0.0020341140529531567
3656887985,4284366861,Bern Drive,Named corridor,0.002031568228105906
9316551315,9316551300,Indigo Bay Boulevard,Named corridor,0.002031568228105906
5101854019,5101855224,Fahrenheit Drive,Named corridor,0.0020290224032586558
5106110762,5106110771,Unnamed / Residential,Residual road group,0.0020264765784114053
303253578,5317343969,Mountaindove Road,Named corridor,0.0020264765784114053
5105174587,1919289219,Claude Estate Road,Named corridor,0.0020264765784114053
5092392131,3975815368,L. van Beethoven Road,Named corridor,0.0020264765784114053
4284402200,5105271275,Lambert Road,Named corridor,0.0020264765784114053
5319274389,5651208579,Unnamed / Residential,Residual road group,0.002023930753564155
271803502,271803846,Sea Urchin Road,Named corridor,0.002016293279022403
3658399359,3658399360,Unnamed / Residential,Residual road group,0.002016293279022403
303252843,558702377,Goldfinch Road,Named corridor,0.0020137474541751525
7511299584,1791649375,King of the Sea Road,Named corridor,0.001995926680244399
279561406,279561398,Fort Hill Road,Named corridor,0.001990835030549898
5107695011,1973316145,Golden Grove Estate Road,Named corridor,0.001980651731160896
250656105,5318904038,Union Road,Named corridor,0.0019781059063136456
303241434,303241435,Ebenezer Road,Named corridor,0.001965376782077393
303240190,303240191,W.B. Petersen Road,Named corridor,0.001965376782077393
303242741,303242743,Arbutus Road,Named corridor,0.001955193482688391
5111244021,303291719,Union Road,Named corridor,0.001945010183299389
303247201,5298457701,Narrow Road,Named corridor,0.001945010183299389
279561438,5091285968,Fort Hill Road,Named corridor,0.0019399185336048878
1927340435,1927155689,Hybiscus Road,Named corridor,0.0018890020366598777
1947680272,1947680274,Front Street,Named corridor,0.0018609979633401222
5103841080,4283330609,Chin Cactus Road,Named corridor,0.001825356415478615
303291719,5111284814,Union Road,Named corridor,0.0018177189409368634
1840734739,271803052,Voges Straat,Named corridor,0.001804989816700611
6658708771,4283271705,Lower Prince Roundabout,Named corridor,0.0018024439918533604
303244646,1109617240,J.D. Meiners Road,Named corridor,0.0017973523421588593
272110821,272110941,Camel Road,Named corridor,0.0017948065173116088
303244723,303244716,Nazareth Road,Named corridor,0.0017718940936863542
1918600227,303242743,Queen of Flowers Road,Named corridor,0.0017718940936863542
250656141,319861602,Billy Folly Road,Named corridor,0.0017718940936863542
303244323,303244716,Nazareth Road,Named corridor,0.0017642566191446028
303240143,303240145,Ebenezer Road,Named corridor,0.0017617107942973522
279561398,271993428,Fort Belair Road,Named corridor,0.0017591649694501017
1791645405,4283330609,Chin Cactus Road,Named corridor,0.0017566191446028512
5118025428,1109617192,Oslo Road,Named corridor,0.00175152749490835
271811376,3656699070,Achter Straat,Named corridor,0.0017464358452138492
1892258625,4329433717,Bimini Road,Named corridor,0.0017413441955193482
4284362424,5105705504,Richardson Drive,Named corridor,0.0017413441955193482
4283330609,5103841080,Chin Cactus Road,Named corridor,0.001736252545824847
5103841080,303245876,King of the Sea Road,Named corridor,0.001726069246435845
1947680282,271809230,Voorstraat,Named corridor,0.0017235234215885946
303244716,303244723,Nazareth Road,Named corridor,0.0017209775967413441
4329433717,1892258685,Bimini Road,Named corridor,0.0017209775967413441
303244723,6693513371,Nazareth Road,Named corridor,0.001710794297352342
5111284814,5111284779,Union Road,Named corridor,0.001690427698574338
6693513371,303244321,Nazareth Road,Named corridor,0.001690427698574338
303238968,303238969,Lemon Road,Named corridor,0.0016878818737270874
271823436,271823374,Lion Road,Named corridor,0.001644602851323829
5105797417,5105797416,Unnamed / Residential,Residual road group,0.0016395112016293278
1891813877,1891821237,C.A. Cannegieter Street,Named corridor,0.0016267820773930752
4284362448,5081682851,North Spring Drive,Named corridor,0.0016242362525458248
271823368,271823377,Welgelegen Drive,Named corridor,0.0016216904276985743
1927340445,1927340415,Daisy Road,Named corridor,0.0016191446028513236
271798676,1891813877,Tamarinda Steeg,Named corridor,0.0016191446028513236
4284362426,4284362448,North Spring Drive,Named corridor,0.0016140529531568227
303244641,4283271746,Unnamed / Residential,Residual road group,0.0015835030549898165
1840729303,303241083,Boulanger Road,Named corridor,0.0015758655804480651
5111284779,2970143311,Union Road,Named corridor,0.0015733197556008147
12925499616,12756495682,Unnamed / Residential,Residual road group,0.001570773930753564
271823370,271823436,Tiger Road,Named corridor,0.001565682281059063
5105913991,12756495682,Unnamed / Residential,Residual road group,0.0015605906313645621
1791624399,272111711,Simpson Bay Road,Named corridor,0.0015580448065173115
303239076,303239075,Cantalope Road,Named corridor,0.0015351323828920569
1946839582,5081703451,Sunflower Road,Named corridor,0.0015351323828920569
1760729802,5105897027,Skyline Drive,Named corridor,0.0015274949083503055
2146379899,5640098479,Roses Road,Named corridor,0.0015274949083503055
1947060985,1947060981,Sand Piper Drive,Named corridor,0.0015274949083503055
1639802246,4284398485,Saba Road,Named corridor,0.0015274949083503055
5106144237,4284327710,Brown Drive,Named corridor,0.0015274949083503055
1795530427,5105900094,Clam Shell Drive,Named corridor,0.0015274949083503055
279563149,279563150,Blyden's Drive,Named corridor,0.0015274949083503055
1640060651,2670042478,Tigiris Drive,Named corridor,0.0015274949083503055
279563498,279563499,Rhino Drive,Named corridor,0.0015274949083503055
5318904038,5081707006,Uxbridge Drive,Named corridor,0.0015274949083503055
250656101,12459569246,Manjack Drive,Named corridor,0.0015274949083503055
3283102410,5109568453,Unnamed / Residential,Residual road group,0.0015274949083503055
271976544,5109568425,Oyster Pond Road,Named corridor,0.0015274949083503055
5106084650,5106084652,Unnamed / Residential,Residual road group,0.0015274949083503055
303246944,5105872954,Wellsburg Street,Named corridor,0.0015274949083503055
303246940,303247229,Wesley Lane,Named corridor,0.0015274949083503055
4283126294,2669989135,Unnamed / Residential,Residual road group,0.0015274949083503055
4329433717,4284328373,Cairo Drive,Named corridor,0.0015274949083503055
5116134150,5082062350,Mildrum Road,Named corridor,0.0015274949083503055
1927155482,4283387749,Lane 4,Named corridor,0.0015274949083503055
5298475118,1927155601,Aaron Jacbo's Drive,Named corridor,0.0015274949083503055
558621731,2970143270,Tropical Road,Named corridor,0.0015274949083503055
1639802185,2146379904,Tassel Road,Named corridor,0.0015274949083503055
1640060651,5097778760,Tigiris Road,Named corridor,0.0015274949083503055
271823349,3833307959,Unnamed / Residential,Residual road group,0.0015274949083503055
5105832763,4283376120,Mountain Ebony Road,Named corridor,0.0015274949083503055
5105875713,5102796571,Unnamed / Residential,Residual road group,0.0015274949083503055
303248200,303248238,Ruby Drive,Named corridor,0.0015274949083503055
5079795128,5079781040,Gulf Scallop Drive,Named corridor,0.0015274949083503055
1033360035,5094587590,Peridot Road,Named corridor,0.0015274949083503055
5106110771,5106110776,Unnamed / Residential,Residual road group,0.0015274949083503055
303245931,303245977,Guana Bay Road,Named corridor,0.0015274949083503055
4283103412,5081454518,Guana Bay Drive,Named corridor,0.0015274949083503055
5107067184,271804495,White Sands Road,Named corridor,0.0015274949083503055
4283348308,4283348351,Waterrock Lane,Named corridor,0.0015274949083503055
1947004306,1947004308,Sea Island Cotton drive,Named corridor,0.0015274949083503055
5105707323,5106084657,Madrid Road,Named corridor,0.0015274949083503055
4283415847,5111075662,Pendant Cactus Road,Named corridor,0.0015274949083503055
1927267026,5108046892,Pen Shell Road,Named corridor,0.0015274949083503055
5081682851,5081682853,Christian Sted Drive,Named corridor,0.0015274949083503055
4284327662,4284327642,Old Man Cactus Road,Named corridor,0.0015274949083503055
1967799972,5113493111,Unnamed / Residential,Residual road group,0.0015274949083503055
4284485827,4284485837,Dollison's Drive,Named corridor,0.0015274949083503055
303255086,303255087,Monte Vista Road,Named corridor,0.0015274949083503055
5081882369,5103937163,Unnamed / Residential,Residual road group,0.0015274949083503055
1111821484,1111821486,J. Barry Road,Named corridor,0.0015274949083503055
3456873865,4284453027,Begonia Drive,Named corridor,0.0015274949083503055
272110817,5081254486,Otter Drive,Named corridor,0.0015274949083503055
271824212,3657008615,Madrid Road,Named corridor,0.0015274949083503055
5105876939,5105876954,Unnamed / Residential,Residual road group,0.0015274949083503055
303255080,5079837095,Unnamed / Residential,Residual road group,0.0015274949083503055
1795520090,4283126300,Surf Clam Road,Named corridor,0.0015274949083503055
5108089364,5108089368,Unnamed / Residential,Residual road group,0.0015274949083503055
1790182461,1790182556,Amazone Road,Named corridor,0.0015274949083503055
12648583079,12648583064,Paramaribo Drive,Named corridor,0.0015274949083503055
303244751,5106176825,Zorg en Rust Road,Named corridor,0.0015274949083503055
303244751,303244831,Dacca Road,Named corridor,0.0015274949083503055
4284327639,4284327623,St James Road,Named corridor,0.0015274949083503055
1947004370,5113285796,Diamond Road,Named corridor,0.0015274949083503055
1497258980,5108128441,Emerald Merit Road,Named corridor,0.0015274949083503055
303255104,3880564008,King Bird Drive,Named corridor,0.0015274949083503055
5101855224,5119429426,Celsius Road,Named corridor,0.0015274949083503055
13395914839,1795421200,Port de Plaisance Roundabout,Named corridor,0.0015274949083503055
1760249474,4283266865,Mozart Road,Named corridor,0.0015274949083503055
4284327680,4284327620,Margaret Bruces's Drive,Named corridor,0.0015274949083503055
1069035589,1069035595,Turquoise Drive,Named corridor,0.0015274949083503055
303242283,303244061,Reward Road,Named corridor,0.0015274949083503055
303290919,5105823059,Unnamed / Residential,Residual road group,0.0015274949083503055
4283283789,4283281287,Unnamed / Residential,Residual road group,0.0015274949083503055
4283283789,303241483,Mildrum Road,Named corridor,0.0015274949083503055
5105797415,5107184558,Caines Drive,Named corridor,0.0015274949083503055
303244591,5105707340,Cayenne Road,Named corridor,0.0015274949083503055
5081290990,5109208218,Scallop Shell Road,Named corridor,0.0015274949083503055
303246886,5092713942,Cay Bay Road,Named corridor,0.0015274949083503055
2535486721,5080925918,Marina Terrace,Named corridor,0.0015274949083503055
3975815368,3975815366,Unnamed / Residential,Residual road group,0.0015274949083503055
5082534970,5115113398,Gibs Drive,Named corridor,0.0015274949083503055
5081123758,5105795751,Paris Drive,Named corridor,0.0015274949083503055
7511299584,7511316587,Unnamed / Residential,Residual road group,0.0015274949083503055
1703120332,3658373293,Cupecoy Roundabout,Named corridor,0.0015274949083503055
5107794645,5107794655,Inagua Island Drive,Named corridor,0.0015274949083503055
4284401672,4284401681,Port of Spain Drive,Named corridor,0.0015274949083503055
1947680274,5102708801,Emmaplein,Named corridor,0.001524949083503055
1584722491,1111818468,Low Estate,Named corridor,0.001524949083503055
9316551300,4283387693,Indigo Bay Boulevard,Named corridor,0.0015224032586558043
4283103465,4283103454,Guy's Estate Road,Named corridor,0.0015198574338085539
5105941198,5113328869,Middle Region Road,Named corridor,0.0015198574338085539
5105271275,5115113373,Lambert Road,Named corridor,0.0015198574338085539
303246187,4024314855,Ark Shell Road,Named corridor,0.0015198574338085539
5081627506,5105844547,Unnamed / Residential,Residual road group,0.0015198574338085539
303248695,9816259047,Pearl Drive,Named corridor,0.0015198574338085539
1927155409,3708335156,Unnamed / Residential,Residual road group,0.0015198574338085539
5103937177,5103937178,Unnamed / Residential,Residual road group,0.0015198574338085539
4283126294,2669988805,Unnamed / Residential,Residual road group,0.0015198574338085539
544045426,544045387,Eagle Road,Named corridor,0.0015198574338085539
3658399360,3658399364,Unnamed / Residential,Residual road group,0.0015198574338085539
1868688326,1868688325,Marianne Estate Drive,Named corridor,0.0015198574338085539
5322445660,4284328374,Unnamed / Residential,Residual road group,0.0015198574338085539
5105805994,1795509336,Rice Hill Estate Road,Named corridor,0.0015198574338085539
1946850234,1946850598,Mango Road,Named corridor,0.0015198574338085539
4283373879,4283373871,Unnamed / Residential,Residual road group,0.0015198574338085539
1892258625,4284327719,St Barths Drive,Named corridor,0.0015198574338085539
1947004367,1947004247,Unnamed / Residential,Residual road group,0.0015198574338085539
5105844527,5105844548,Unnamed / Residential,Residual road group,0.0015198574338085539
4282056976,3656717365,Gullin Road,Named corridor,0.0015198574338085539
303239524,4283212568,Unnamed / Residential,Residual road group,0.0015198574338085539
272111686,272111918,Sr. Patientia Road,Named corridor,0.0015198574338085539
5109696701,3703336818,Unnamed / Residential,Residual road group,0.0015198574338085539
303247383,9480372088,Port de Plaisance Drive,Named corridor,0.0015173116089613034
5105967741,5105967735,Unnamed / Residential,Residual road group,0.0015122199592668023
303292044,2970143340,Sea Grape Drive,Named corridor,0.0015122199592668023
1790168109,1790168112,Thames Road,Named corridor,0.0015122199592668023
1946814874,5130592914,Sunflower Road,Named corridor,0.0015122199592668023
271803502,271803507,Beacon Hill Road,Named corridor,0.0015122199592668023
1918736295,303242643,Pigeon Pea Road,Named corridor,0.0015045824847250509
303247939,303247947,Opal Road,Named corridor,0.0015020366598778004
12756495682,5105913991,Unnamed / Residential,Residual road group,0.0015020366598778004
271823374,271823437,Lion Road,Named corridor,0.0014969450101832993
303239076,303239304,Honey Dew Road,Named corridor,0.0014969450101832993
272111694,272111708,Sr. Patientia Road,Named corridor,0.0014969450101832993
5105967514,5081901323,Cay Bay Road,Named corridor,0.0014969450101832993
272111708,272111675,Sr. Patientia Road,Named corridor,0.0014918533604887983
1840734740,1927340464,C.A. Cannegieter Street,Named corridor,0.0014893075356415479
1947048696,271803047,Korte Steeg,Named corridor,0.0014867617107942972
272111675,272111674,Sr. Patientia Road,Named corridor,0.0014867617107942972
303240191,303240146,W.B. Petersen Road,Named corridor,0.0014816700610997963
303239536,303239712,Pear Road,Named corridor,0.0014791242362525458
271802956,5102848197,Pendant Cactus Road,Named corridor,0.0014791242362525458
1973316145,1111818506,Golden Grove Estate Road,Named corridor,0.0014714867617107942
5109767023,250656196,Sr. Regina Road,Named corridor,0.001435845213849287
303238661,1946850257,Saint Peters Road,Named corridor,0.001415478615071283
271803052,1927340461,E. Camille Richardson Street,Named corridor,0.0014129327902240325
1891821237,1891813877,C.A. Cannegieter Street,Named corridor,0.0014078411405295315
271803047,271798682,Cornelius M. Vlaun Street,Named corridor,0.00140020366598778
1109617187,5106547756,Félix Marlin Road,Named corridor,0.0013976578411405295
303240136,303240135,Milton Peters Road,Named corridor,0.001384928716904277
303246915,303246916,Waterfront Road,Named corridor,0.001384928716904277
271809230,271809226,Voorstraat,Named corridor,0.001384928716904277
303240146,303240147,Ebenezer Road,Named corridor,0.0013798370672097758
303239060,303238965,Lime Road,Named corridor,0.0013747454175152749
1111818517,1739739666,Golden Grove Estate Road,Named corridor,0.0013416496945010182
1891818535,1951097065,C.A. Cannegieter Street,Named corridor,0.0013365580448065173
3657008624,1892258625,Ellis Road,Named corridor,0.0013340122199592668
1947048679,1947048687,Groene Street,Named corridor,0.0013161914460285131
4283347877,5101763243,Orange Grove Road,Named corridor,0.0013085539714867615
303244655,4283271746,Felix Marlin Road,Named corridor,0.0013085539714867615
272110821,272111019,Unresolved multi-name edge,Residual road group,0.0012881873727087576
5091285968,5091285963,Spanish Fort Road,Named corridor,0.0012881873727087576
303242883,303242739,Oleander Road,Named corridor,0.0012780040733197556
303244716,303244323,Nazareth Road,Named corridor,0.001275458248472505
1891818535,1947048679,C.A. Cannegieter Street,Named corridor,0.001265274949083503
271802984,5081936255,Madame Estate Road,Named corridor,0.0012627291242362526
5086477014,5105862514,Dominica Road,Named corridor,0.0012525458248472505
1891815943,1947508262,Achter Straat,Named corridor,0.0012321792260692464
1794953143,3658023354,Simpson Bay Road,Named corridor,0.0012118126272912422
303240457,303240528,Lionel Alexander Richardson Road,Named corridor,0.0012016293279022401
1109448619,1111818725,Belvedere Roundabout,Named corridor,0.0011990835030549897
303239712,303239536,Pear Road,Named corridor,0.0011914460285132383
279561404,279561403,Fort Willem Road,Named corridor,0.0011889002036659876
5102848197,6693549245,Opuntia Cactus Road,Named corridor,0.0011710794297352342
1111818517,1973316147,Happey Estate Road,Named corridor,0.0011481670061099796
303239058,1946846659,Apricot Road,Named corridor,0.0011481670061099796
5082464649,5082464650,Pear Road,Named corridor,0.001145621181262729
303238973,303238971,Lemon Road,Named corridor,0.001145621181262729
303239084,303239171,Unnamed / Residential,Residual road group,0.001145621181262729
272110974,4283311681,Camel Road,Named corridor,0.001115071283095723
5101763235,303247127,Narrow Road,Named corridor,0.001109979633401222
1111818506,1111818476,Golden Grove Estate Road,Named corridor,0.001109979633401222
271823368,271823431,Lion Road,Named corridor,0.0011023421588594704
271993428,279561398,Fort Belair Road,Named corridor,0.00109979633401222
303241083,303241086,Boulanger Road,Named corridor,0.0010921588594704683
1919289228,1927155469,Gardenia Road,Named corridor,0.001084521384928717
303239304,303239069,Blueberry Drive,Named corridor,0.0010768839103869653
1111765259,1109448619,Belvederd Estate Road,Named corridor,0.0010768839103869653
12756495682,12925499616,Unnamed / Residential,Residual road group,0.0010743380855397148
1109617240,1109617187,Unresolved multi-name edge,Residual road group,0.0010743380855397148
303244645,303244655,John Philips Road,Named corridor,0.0010692464358452137
303244723,4283271698,Monrovia Road,Named corridor,0.0010692464358452137
303239060,303238856,Sugarapple Road,Named corridor,0.0010692464358452137
1111818468,1111818498,Low Estate,Named corridor,0.0010641547861507128
303240145,303240459,Beryl Richardson Road,Named corridor,0.0010641547861507128
272110998,272110941,Rabbit Road,Named corridor,0.0010565173116089612
303246960,5101763243,Orange Grove Road,Named corridor,0.0010514256619144602
303248110,303248106,Opal Road,Named corridor,0.001046334012219959
5105967735,5105967519,Unnamed / Residential,Residual road group,0.0010412423625254582
303240135,303240241,Johannes C. Paap Road,Named corridor,0.0010361507128309572
271807661,271803047,C.A. Cannegieter Street,Named corridor,0.0010336048879837066
271809226,5102708801,Emma Plein,Named corridor,0.0010336048879837066
303245895,303246440,The Hope Estate Road,Named corridor,0.001031059063136456
5651208579,5109558952,The Hope Estate Road,Named corridor,0.001031059063136456
4283373879,5126046812,Calabash Road,Named corridor,0.001031059063136456
303238965,303238857,Lemon Road,Named corridor,0.0010234215885947047
303239524,5081594427,Pigeon Pea Road,Named corridor,0.001020875763747454
5109767022,272111681,Sr. Modesta Road,Named corridor,0.001020875763747454
12925499616,3456873838,Unnamed / Residential,Residual road group,0.001020875763747454
1791649375,303245875,King of the Sea Road,Named corridor,0.001020875763747454
5105876954,5105876950,Unnamed / Residential,Residual road group,0.0010183299389002036
1791647060,1791647062,Unnamed / Residential,Residual road group,0.0010183299389002036
1111818630,1111818645,Delight Estate Road,Named corridor,0.0010183299389002036
1791647060,1791647083,Unnamed / Residential,Residual road group,0.0010183299389002036
303244831,1111757638,Algiers Drive,Named corridor,0.0010183299389002036
13206464868,10043560157,Mahoe Tree Drive,Named corridor,0.0010183299389002036
4283387749,5092713950,Lane 3,Named corridor,0.0010183299389002036
303241483,5111069280,Unnamed / Residential,Residual road group,0.0010183299389002036
1927155453,1927155733,St John's Estate Road,Named corridor,0.0010183299389002036
3658373293,3658373292,Cupecoy Roundabout,Named corridor,0.0010183299389002036
303255087,303255095,Monte Vista Road,Named corridor,0.0010183299389002036
1927340415,1927340429,Red Rose Road,Named corridor,0.0010183299389002036
271823416,3980929748,Puma Road,Named corridor,0.0010183299389002036
1967799945,2970143335,C. A. Levendag Street,Named corridor,0.0010183299389002036
1946875644,1927155478,Durat Road,Named corridor,0.0010183299389002036
4284328373,4284328375,Unnamed / Residential,Residual road group,0.0010183299389002036
278331968,1640060573,Jordan Road,Named corridor,0.0010183299389002036
13206464868,13206464869,Unnamed / Residential,Residual road group,0.0010183299389002036
1927155601,1927155290,Aaron Jacbo's Drive,Named corridor,0.0010183299389002036
3456889794,4274611894,Unnamed / Residential,Residual road group,0.0010183299389002036
5108128441,2669988943,Emerald Merit Road,Named corridor,0.0010183299389002036
5113997839,5105862510,Unnamed / Residential,Residual road group,0.0010183299389002036
5111075662,5322410660,Pendant Cactus Road,Named corridor,0.0010183299389002036
4283348351,4283348344,Unnamed / Residential,Residual road group,0.0010183299389002036
5105876921,5105876923,Unnamed / Residential,Residual road group,0.0010183299389002036
5079781040,5109208531,Gulf Scallop Drive,Named corridor,0.0010183299389002036
1973316129,1111818537,Anna's Hoop Estate Road,Named corridor,0.001015784114052953
5105844527,5105844552,Guiro Road,Named corridor,0.0010132382892057026
3656813308,3656813314,Sedums Cactus Drive,Named corridor,0.0010132382892057026
3656813308,3656813311,Prickle Pear Road,Named corridor,0.0010132382892057026
5317343969,5116691676,Unnamed / Residential,Residual road group,0.0010132382892057026
303239170,1760740328,Unnamed / Residential,Residual road group,0.0010132382892057026
5105844548,5081629625,Unnamed / Residential,Residual road group,0.0010132382892057026
271803846,271803530,Staghorn Coral Road,Named corridor,0.0010132382892057026
1795426220,1795426208,Cork Tree Drive,Named corridor,0.0010132382892057026
5092392131,3975798066,L. van Beethoven Road,Named corridor,0.0010132382892057026
4283376100,303247295,Almond Grove Road,Named corridor,0.0010132382892057026
1790168112,5107885218,Unnamed / Residential,Residual road group,0.0010081466395112015
1795516018,1795515894,Limpet Road,Named corridor,0.0010081466395112015
4283387704,5105967734,Lakeside Drive,Named corridor,0.0010081466395112015
271803507,271803514,Beacon Hill Road,Named corridor,0.0010081466395112015
5118264423,5118264318,Unnamed / Residential,Residual road group,0.0010081466395112015
5118264423,5118264320,Unnamed / Residential,Residual road group,0.0010081466395112015
271976491,271976519,Melford Hazel Road,Named corridor,0.001005600814663951
303247947,3704237221,Opal Road,Named corridor,0.0010030549898167006
558702377,303252854,Goldfinch Road,Named corridor,0.0010005091649694501
1790155105,1033360501,Airport Roundabout,Named corridor,0.0009979633401221994
4283271698,5106558290,Monrovia Road,Named corridor,0.0009979633401221994
1703119667,271809288,Long Wall Road,Named corridor,0.0009979633401221994
303242743,1918600227,Queen of Flowers Road,Named corridor,0.0009979633401221994
303238661,303238660,Watermelon Road,Named corridor,0.0009979633401221994
303244325,303244639,Nazareth Road,Named corridor,0.0009979633401221994
303242643,5082464626,Radish Road,Named corridor,0.0009928716904276985
303255047,558621716,Grounddove Road,Named corridor,0.0009928716904276985
303240459,303240457,Beryl Richardson Road,Named corridor,0.0009877800407331976
5079795128,5108014130,Unnamed / Residential,Residual road group,0.0009877800407331976
1739739666,1739739668,Golden Grove Estate Road,Named corridor,0.000985234215885947
303241435,303241436,Ebenezer Road,Named corridor,0.0009826883910386964
1927340464,1947054193,Zoutsteeg,Named corridor,0.0009699592668024439
303240581,303240033,Melford A. Hazel Road,Named corridor,0.0009674134419551934
1927155689,303242877,Hybiscus Road,Named corridor,0.0009674134419551934
1111818754,1109448575,Sugar Mill Estate Road,Named corridor,0.0009674134419551934
303240457,303240581,Beryl Richardson Road,Named corridor,0.0009648676171079429
1927155448,1927155411,Poinsetta Road,Named corridor,0.0009521384928716903
1946850257,303238980,Saint Peters Road,Named corridor,0.0009394093686354378
272111681,272111734,Sr. Modesta Road,Named corridor,0.0009368635437881873
303239536,303239539,Peach Road,Named corridor,0.0009317718940936863
5081682851,4284362448,North Spring Drive,Named corridor,0.0009292260692464357
1927340436,4284485786,Isis Road,Named corridor,0.0009266802443991853
279561403,271809259,Fort Willem Road,Named corridor,0.0009241344195519348
1918600227,303243512,Queen of Flowers Road,Named corridor,0.0009241344195519348
303240190,303240270,Lionel Alexander Richardson Road,Named corridor,0.0009215885947046842
5298457701,5298457700,Unnamed / Residential,Residual road group,0.0009114052953156822
303239539,1840729295,Peach Road,Named corridor,0.0009063136456211813
4283387764,4283387758,Windsor Road,Named corridor,0.0009012219959266802
5101763243,4283347877,Orange Grove Road,Named corridor,0.0008986761710794296
5106547756,303244655,Félix Marlin Road,Named corridor,0.0008935845213849286
1111757770,3656887990,Zorg en Rust Road,Named corridor,0.0008859470468431771
2970143305,5111243519,Unnamed / Residential,Residual road group,0.0008859470468431771
271809288,1947705542,Unnamed / Secondary Link,Residual road group,0.0008834012219959267
272111712,272111715,Simpson Bay Road,Named corridor,0.0008808553971486761
4284366861,4284366863,Milton's Drive,Named corridor,0.0008808553971486761
5106176819,5106176814,Unnamed / Residential,Residual road group,0.0008706720977596741
3936303352,3656887990,Zorg en Rust Road,Named corridor,0.0008706720977596741
5081102791,279563168,Thyme Drive,Named corridor,0.0008655804480651731
5106142941,5106142937,Unnamed / Residential,Residual road group,0.0008655804480651731
1927340464,271803050,C.A. Cannegieter Street,Named corridor,0.0008528513238289206
5102708801,1947680274,Emmaplein,Named corridor,0.00085030549898167
4329433717,1892258625,Bimini Road,Named corridor,0.000845213849287169
1927340461,1927340464,Zoutsteeg,Named corridor,0.0008426680244399185
4284485730,1639802175,Crocus Road,Named corridor,0.000840122199592668
303245597,5103667447,Mathew's Lane,Named corridor,0.000835030549898167
4283330609,1791645405,Chin Cactus Road,Named corridor,0.0008273930753564154
1973316147,1111818500,Happey Estate Road,Named corridor,0.0008197556008146639
303238681,303238968,Lemon Road,Named corridor,0.0008121181262729124
303240147,303240148,Ebenezer Road,Named corridor,0.0008121181262729124
271823436,271823435,Lion Road,Named corridor,0.0008070264765784114
1109617146,5327905183,Guadeloupe Road,Named corridor,0.0007942973523421588
271824183,4284401599,Basseterre Road,Named corridor,0.0007942973523421588
5106176814,4284366861,Bern Drive,Named corridor,0.0007942973523421588
272111019,272110998,Rabbit Road,Named corridor,0.0007892057026476578
303239525,5082464650,Pear Road,Named corridor,0.0007866598778004073
5091285963,5091285973,Spanish Fort Road,Named corridor,0.0007841140529531568
4284366861,3656887985,Bern Drive,Named corridor,0.0007841140529531568
4283347877,1795427878,Orange Grove Road,Named corridor,0.0007764765784114053
5086477014,5103489306,Paradise Island Road,Named corridor,0.0007739307535641547
5082223675,5103638596,Paradise Island Road,Named corridor,0.0007739307535641547
5118409145,1927340435,Flamboyant Road,Named corridor,0.0007713849287169042
3980929748,271823411,Puma Road,Named corridor,0.0007662932790224032
271809259,279561403,Fort Willem Road,Named corridor,0.0007612016293279022
1111818476,5110714044,Golden Grove Estate Road,Named corridor,0.0007535641547861507
5082484557,5113124681,Unnamed / Residential,Residual road group,0.0007535641547861507
303238969,303238971,Lemon Road,Named corridor,0.0007535641547861507
271803047,1947048679,C.A. Cannegieter Street,Named corridor,0.0007433808553971486
3656887990,3936303352,Zorg en Rust Road,Named corridor,0.0007382892057026476
5082464650,5082464649,Pear Road,Named corridor,0.0007357433808553971
5105705504,4284362426,Unresolved multi-name edge,Residual road group,0.0007281059063136456
303238971,303238969,Lemon Road,Named corridor,0.000725560081466395
271823444,271823441,Hyena Road,Named corridor,0.0007230142566191446
1639802353,5105797417,Quilletor Drive,Named corridor,0.0007230142566191446
1111818665,1111794254,Prospect Estate Road,Named corridor,0.0007179226069246435
303240528,303240489,Lionel Alexander Richardson Road,Named corridor,0.0007179226069246435
303244645,303244641,Ch. Maccow Road,Named corridor,0.0007179226069246435
1946814874,5081703451,Sunflower Road,Named corridor,0.0007077393075356415
9464446358,9464446348,Unnamed / Tertiary Link,Residual road group,0.0007077393075356415
1947048687,1947048697,Sint Jan Steeg,Named corridor,0.000705193482688391
1840734742,5102675281,N. Debrot Street,Named corridor,0.0006899185336048879
5082464649,303239536,Pear Road,Named corridor,0.000684826883910387
303238969,303238968,Lemon Road,Named corridor,0.000684826883910387
1795427878,4983625021,Orange Grove Road,Named corridor,0.0006797352342158859
5081703451,1946814874,Sunflower Road,Named corridor,0.0006797352342158859
1951097065,3674475089,C.A. Cannegieter Street,Named corridor,0.0006720977596741343
3704351470,3657930403,Ginger Road,Named corridor,0.0006720977596741343
5102708801,271809226,Emma Plein,Named corridor,0.0006670061099796334
303242283,303242294,Reward Road,Named corridor,0.0006593686354378818
303239170,303238664,Watermelon Road,Named corridor,0.0006568228105906313
303242877,303242883,Buttercup Road,Named corridor,0.0006517311608961303
1739739668,1109448619,Belvedere Roundabout,Named corridor,0.0006313645621181263
271823377,271823400,Cougar Road,Named corridor,0.0006288187372708757
5109164370,303240021,Ebenezer Road,Named corridor,0.0006288187372708757
303240145,303240143,Ebenezer Road,Named corridor,0.0006288187372708757
271823457,4283312641,Unresolved multi-name edge,Residual road group,0.0006186354378818736
1791645405,3656813312,The Keys Road,Named corridor,0.0006160896130346232
1947680274,271798704,Unnamed / Secondary Link,Residual road group,0.0006109979633401221
4983625021,303246973,Orange Grove Road,Named corridor,0.0005931771894093686
6693549245,5106142937,Opuntia Cactus Road,Named corridor,0.0005855397148676171
303240143,5109164370,Ebenezer Road,Named corridor,0.0005829938900203666
5298457701,1795426206,Narrow Road,Named corridor,0.0005779022403258656
303247127,303247128,Narrow Road,Named corridor,0.0005524439918533604
272111711,272111694,Simpson Bay Road,Named corridor,0.00054989816700611
5081703451,1946839582,Sunflower Road,Named corridor,0.0005448065173116089
5107695011,5107695012,Unnamed / Residential,Residual road group,0.0005397148676171079
1947054193,3134903557,Achterstraat,Named corridor,0.0005397148676171079
1111818725,1111818528,Rockland Estate Road,Named corridor,0.0005346232179226068
279561438,279561492,Fort Hill Road,Named corridor,0.0005346232179226068
5102708801,271803027,Emmaplein,Named corridor,0.0005320773930753564
303239075,303239073,Cantalope Road,Named corridor,0.0005320773930753564
271803846,271803847,Sea Urchin Road,Named corridor,0.0005269857433808554
303246440,303246443,The Hope Estate Road,Named corridor,0.0005218940936863543
5081832628,303240965,Carrot Road,Named corridor,0.0005218940936863543
303240270,303240269,Lionel Alexander Richardson Road,Named corridor,0.0005218940936863543
303245875,7507322926,The Keys Road,Named corridor,0.0005218940936863543
1891813867,5091337649,Long Wall Road,Named corridor,0.0005218940936863543
303238968,303238681,Lemon Road,Named corridor,0.0005193482688391039
271823431,271823435,Lion Road,Named corridor,0.0005193482688391039
271976519,271976527,Melford Hazel Road,Named corridor,0.0005193482688391039
1111821484,303240146,Ebenezer Road,Named corridor,0.0005193482688391039
303253293,303253298,Pigeon Road,Named corridor,0.0005193482688391039
279561403,279561404,Fort Willem Road,Named corridor,0.0005168024439918533
1840729302,303241050,Tomato Road,Named corridor,0.0005142566191446028
271803530,271803526,Staghorn Coral Road,Named corridor,0.0005117107942973524
303247383,303247373,Country Club Drive,Named corridor,0.0005117107942973524
4284398485,5105174593,Unresolved multi-name edge,Residual road group,0.0005091649694501018
2669896497,2669896926,Unnamed / Residential,Residual road group,0.0005091649694501018
5081663896,5081663897,Sage Drive,Named corridor,0.0005091649694501018
3656887982,4284401915,Georgetown Drive,Named corridor,0.0005091649694501018
2669988805,6695725197,Unnamed / Residential,Residual road group,0.0005091649694501018
4283105690,3194134757,Pen Shell Road,Named corridor,0.0005091649694501018
3412399576,2644100886,Union Road,Named corridor,0.0005091649694501018
1639802195,2669896902,Unnamed / Residential,Residual road group,0.0005091649694501018
279563168,279563171,Wintergreen Drive,Named corridor,0.0005091649694501018
4283105690,12174962904,Wavy Clam Road,Named corridor,0.0005091649694501018
1840738793,5109211106,Carved Star Shell Road,Named corridor,0.0005091649694501018
303247229,5101763251,Wesley Lane,Named corridor,0.0005091649694501018
303247229,11827164760,Unnamed / Residential,Residual road group,0.0005091649694501018
1868688321,1868688322,Gum Tree Drive,Named corridor,0.0005091649694501018
3283102489,5109568459,Unnamed / Residential,Residual road group,0.0005091649694501018
4283348343,5119429519,Archimedes Street,Named corridor,0.0005091649694501018
303246944,303246942,Well Road,Named corridor,0.0005091649694501018
1639802172,1927155369,Unnamed / Residential,Residual road group,0.0005091649694501018
303246940,303246959,Wesley Street,Named corridor,0.0005091649694501018
2669896778,2669896769,Cuba Drive,Named corridor,0.0005091649694501018
271824219,6695229446,Unnamed / Residential,Residual road group,0.0005091649694501018
5105924012,5105924013,Unnamed / Residential,Residual road group,0.0005091649694501018
1640060573,1792968573,Jordan Road,Named corridor,0.0005091649694501018
5079806047,5105174600,Unnamed / Residential,Residual road group,0.0005091649694501018
5091285963,5119570485,Unnamed / Residential,Residual road group,0.0005091649694501018
3656887991,5105174586,Martinique Road,Named corridor,0.0005091649694501018
250656108,2970143291,Oak Tree Road,Named corridor,0.0005091649694501018
4284425952,4284425980,Unnamed / Residential,Residual road group,0.0005091649694501018
5105174602,5105174601,Blanquilla Drive,Named corridor,0.0005091649694501018
2146379904,2146379905,Tassel Road,Named corridor,0.0005091649694501018
5105174611,5105174603,Bridgetown Drive,Named corridor,0.0005091649694501018
4284398485,4284401600,Saba Road,Named corridor,0.0005091649694501018
2669989135,2669989159,Unnamed / Residential,Residual road group,0.0005091649694501018
4284366872,6693516599,Unnamed / Residential,Residual road group,0.0005091649694501018
4284402192,5105271250,Road Town Drive,Named corridor,0.0005091649694501018
2669989135,5109550103,Unnamed / Residential,Residual road group,0.0005091649694501018
4284401944,4284401950,Mount William Drive,Named corridor,0.0005091649694501018
4284401913,12648620813,Woods Drive,Named corridor,0.0005091649694501018
279561492,5120378233,Fort Hill Road,Named corridor,0.0005091649694501018
5100220545,5100220546,Cockspur Tree Drive,Named corridor,0.0005091649694501018
1639802302,5105174613,Bryson's Drive,Named corridor,0.0005091649694501018
2669988805,6695725125,Unnamed / Residential,Residual road group,0.0005091649694501018
2146379904,4284425983,Unnamed / Residential,Residual road group,0.0005091649694501018
5082062350,5116134151,Mildrum Road,Named corridor,0.0005091649694501018
5103937163,6695328674,Unnamed / Residential,Residual road group,0.0005091649694501018
5103937163,5103937169,Unnamed / Residential,Residual road group,0.0005091649694501018
5081707006,5081749208,Uxbridge Drive,Named corridor,0.0005091649694501018
5081707006,5105928238,Unnamed / Residential,Residual road group,0.0005091649694501018
5081682853,5081682869,Christian Sted Drive,Named corridor,0.0005091649694501018
5081682853,5105705512,Unnamed / Residential,Residual road group,0.0005091649694501018
1891815948,1891815946,Pomp Steeg,Named corridor,0.0005091649694501018
271824180,5105941189,Unnamed / Residential,Residual road group,0.0005091649694501018
1973316144,1111818588,Careta Estate Road,Named corridor,0.0005091649694501018
1111818633,1111818730,Rockland Estate Road,Named corridor,0.0005091649694501018
5318904028,5318904030,Unnamed / Residential,Residual road group,0.0005091649694501018
4283281282,12648620844,Unnamed / Residential,Residual road group,0.0005091649694501018
303244110,303290880,Mount Pele Road,Named corridor,0.0005091649694501018
303244090,303244173,Brimstone Hill Road,Named corridor,0.0005091649694501018
3656830465,5103667450,Crown Cactus Drive,Named corridor,0.0005091649694501018
4283387767,5651261036,Unnamed / Living Street,Residual road group,0.0005091649694501018
303246983,4283348359,J.H. de la Feunte Street,Named corridor,0.0005091649694501018
1891815949,3672316555,Visser Steeg,Named corridor,0.0005091649694501018
279563150,5319210078,Tansy Drive,Named corridor,0.0005091649694501018
279563150,279563163,Blyden's Drive,Named corridor,0.0005091649694501018
12648583064,5082534987,Unnamed / Residential,Residual road group,0.0005091649694501018
3658399364,12648620849,Unnamed / Residential,Residual road group,0.0005091649694501018
5109696701,5109696702,Unnamed / Residential,Residual road group,0.0005091649694501018
1947004367,271823506,Llama Drive,Named corridor,0.0005091649694501018
271823457,5091462626,Hamster Drive,Named corridor,0.0005091649694501018
303247274,5119429707,Unnamed / Residential,Residual road group,0.0005091649694501018
5082062350,5082062351,Unnamed / Residential,Residual road group,0.0005091649694501018
271802889,5082523271,Unnamed / Residential,Residual road group,0.0005091649694501018
5640098479,2146379903,Roses Road,Named corridor,0.0005091649694501018
5640098479,2146379901,Unnamed / Residential,Residual road group,0.0005091649694501018
303242743,303242745,Arbutus Road,Named corridor,0.0005091649694501018
303244061,5103240320,Unnamed / Residential,Residual road group,0.0005091649694501018
3975815366,3975815357,Unnamed / Residential,Residual road group,0.0005091649694501018
3975815366,5092392133,Unnamed / Residential,Residual road group,0.0005091649694501018
5119429426,3980931644,Celsius Road,Named corridor,0.0005091649694501018
5103638596,5105862513,Unnamed / Residential,Residual road group,0.0005091649694501018
5298457700,4983625034,Unnamed / Residential,Residual road group,0.0005091649694501018
11827164756,11827164754,Unnamed / Residential,Residual road group,0.0005091649694501018
3657826862,3657826858,Unnamed / Residential,Residual road group,0.0005091649694501018
303245174,5081326722,Belvédère Drive,Named corridor,0.0005091649694501018
3657907536,4284426407,Dominica Road,Named corridor,0.0005091649694501018
271823455,279565022,Unnamed / Residential,Residual road group,0.0005091649694501018
3657247441,5081173701,Bison Drive,Named corridor,0.0005091649694501018
279563498,279563496,Zebra Drive,Named corridor,0.0005091649694501018
303246973,5098670871,Royal Palm Drive,Named corridor,0.0005091649694501018
303243491,303290748,Match-Me Drive,Named corridor,0.0005091649694501018
5105872954,5120268152,Unnamed / Residential,Residual road group,0.0005091649694501018
5105872954,5112973760,Unnamed / Residential,Residual road group,0.0005091649694501018
5101763243,303249770,Cabbage Palm Drive,Named corridor,0.0005091649694501018
5080925918,5317139533,Unnamed / Residential,Residual road group,0.0005091649694501018
5080925918,5105749624,Marina Terrace,Named corridor,0.0005091649694501018
8587179325,2535486753,Unresolved multi-name edge,Residual road group,0.0005091649694501018
3658399359,3658399378,Unnamed / Residential,Residual road group,0.0005091649694501018
3658399364,3658399362,Unnamed / Residential,Residual road group,0.0005091649694501018
3658373292,5097687245,Niger Road,Named corridor,0.0005091649694501018
4983625021,4983625022,Queens Palm Drive,Named corridor,0.0005091649694501018
303243493,1946839583,Bluebell Drive,Named corridor,0.0005091649694501018
5106576376,5106577174,Unnamed / Residential,Residual road group,0.0005091649694501018
1111821486,1111821488,Pieter Hassel Road,Named corridor,0.0005091649694501018
1111844952,1111844953,The Ranch Drive,Named corridor,0.0005091649694501018
1111821486,1111821489,Pieter Hassel Road,Named corridor,0.0005091649694501018
2970143301,12646776184,Evergreen Tree Road,Named corridor,0.0005091649694501018
12459569246,12459569230,Unnamed / Residential,Residual road group,0.0005091649694501018
250656105,1790488003,Bill Bill Drive,Named corridor,0.0005091649694501018
2970143312,2970143295,Richmond Drive,Named corridor,0.0005091649694501018
271824180,5105941187,Unnamed / Residential,Residual road group,0.0005091649694501018
1790494663,1790494629,Sandbox Tree Drive,Named corridor,0.0005091649694501018
12459569246,2970143334,Manjack Drive,Named corridor,0.0005091649694501018
279563149,5088410318,Sparrell Drive,Named corridor,0.0005091649694501018
5091285968,279561671,Fort Hill Road,Named corridor,0.0005091649694501018
3194083998,5116080454,Unnamed / Residential,Residual road group,0.0005091649694501018
1111818630,1111818592,Foga Estate Road,Named corridor,0.0005091649694501018
1111818645,5110714058,Freeland Estate Road,Named corridor,0.0005091649694501018
3194084010,3657008619,The Valley Drive,Named corridor,0.0005091649694501018
4284401626,4284401646,Castries Drive,Named corridor,0.0005091649694501018
12648583064,12648583081,Paramaribo Drive,Named corridor,0.0005091649694501018
1868688326,5108101023,Unnamed / Residential,Residual road group,0.0005091649694501018
1973273421,13027091235,Belle Tree Drive,Named corridor,0.0005091649694501018
1868688325,5108101022,Unnamed / Residential,Residual road group,0.0005091649694501018
4284485847,5081647912,Catapult Drive,Named corridor,0.0005091649694501018
1795421200,303247376,Port de Plaisance Roundabout,Named corridor,0.0005091649694501018
5106110762,5106110759,Unnamed / Residential,Residual road group,0.0005091649694501018
1795426208,5108100020,Marianne Estate Drive,Named corridor,0.0005091649694501018
5081747546,5106235648,Unnamed / Residential,Residual road group,0.0005091649694501018
12925499612,5103937161,Vine Cactus Drive,Named corridor,0.0005091649694501018
12741558235,12741558231,Unnamed / Residential,Residual road group,0.0005091649694501018
5107794655,5107794661,Inagua Island Drive,Named corridor,0.0005091649694501018
5118264320,5118264421,Unnamed / Residential,Residual road group,0.0005091649694501018
5108089368,5109583604,Unnamed / Residential,Residual road group,0.0005091649694501018
5108089368,5108089375,Unnamed / Residential,Residual road group,0.0005091649694501018
13076637177,13076637178,Unnamed / Unclassified,Residual road group,0.0005091649694501018
5082413268,5082413271,Unnamed / Residential,Residual road group,0.0005091649694501018
4284327744,5116080465,Berlin Drive,Named corridor,0.0005091649694501018
4284327710,4284327711,Unnamed / Residential,Residual road group,0.0005091649694501018
7514153252,7514153254,Umbrella Cactus Road,Named corridor,0.0005091649694501018
5319059731,5081647920,Plough Drive,Named corridor,0.0005091649694501018
3657008832,3657008831,Davis Drive,Named corridor,0.0005091649694501018
3194084000,4284327629,Unnamed / Residential,Residual road group,0.0005091649694501018
5105924015,5105924016,Unnamed / Residential,Residual road group,0.0005091649694501018
4284327680,5106144240,Unnamed / Residential,Residual road group,0.0005091649694501018
4284327689,5110653793,Unnamed / Residential,Residual road group,0.0005091649694501018
303245977,303245979,Unnamed / Residential,Residual road group,0.0005091649694501018
3194144108,4283103436,Canoe Shell Road,Named corridor,0.0005091649694501018
4283103412,4283103404,Ivory Shell Drive,Named corridor,0.0005091649694501018
303245931,3974366568,Fig Shell Drive,Named corridor,0.0005091649694501018
1868688326,5108101066,Unnamed / Residential,Residual road group,0.0005091649694501018
5319274369,5319274371,Imperial Shell Drive,Named corridor,0.0005091649694501018
303246184,4283103417,Unnamed / Residential,Residual road group,0.0005091649694501018
5107989768,13373565432,Unnamed / Residential,Residual road group,0.0005091649694501018
1109617240,1109617234,Amsterdam Road,Named corridor,0.0005091649694501018
4283271746,3975866820,Felix Marlin Road,Named corridor,0.0005091649694501018
5105707340,303244601,Cayenne Road,Named corridor,0.0005091649694501018
5116267618,5116268021,Unnamed / Living Street,Residual road group,0.0005091649694501018
1111757638,5105271282,Unnamed / Residential,Residual road group,0.0005091649694501018
5105805994,5086471492,Unnamed / Residential,Residual road group,0.0005091649694501018
303245977,3974366447,Guana Bay Road,Named corridor,0.0005091649694501018
1790182556,1790182472,Unnamed / Residential,Residual road group,0.0005091649694501018
1790182556,1790182562,Amazone Road,Named corridor,0.0005091649694501018
1790182411,1790182413,Mississippi Drive,Named corridor,0.0005091649694501018
1790176497,1790176499,Blue Marine Road,Named corridor,0.0005091649694501018
1791647083,1791647080,Unnamed / Residential,Residual road group,0.0005091649694501018
5081895367,5081895361,Unnamed / Residential,Residual road group,0.0005091649694501018
1791649355,7503354099,Hispaniola Road,Named corridor,0.0005091649694501018
1791647062,1791647075,Unnamed / Residential,Residual road group,0.0005091649694501018
4283330609,5103841084,Chin Cactus Drive,Named corridor,0.0005091649694501018
303291719,2970143292,Mahoganny Tree Drive,Named corridor,0.0005091649694501018
3704167985,5100510933,Fountain Tree Drive,Named corridor,0.0005091649694501018
6695329706,6695329705,Unnamed / Residential,Residual road group,0.0005091649694501018
13206464869,13206464899,Tom Ben's Estate Drive,Named corridor,0.0005091649694501018
7511316587,7674814917,Unnamed / Residential,Residual road group,0.0005091649694501018
7511316587,7511316592,Unnamed / Residential,Residual road group,0.0005091649694501018
5118264318,5118264317,Unnamed / Residential,Residual road group,0.0005091649694501018
5103841080,303245643,King of the Sea Road,Named corridor,0.0005091649694501018
303245708,7503754458,Organ Pipe Cactus Drive,Named corridor,0.0005091649694501018
1795509300,1795509368,Billy Holiday Drive,Named corridor,0.0005091649694501018
5103937177,1791645415,Unnamed / Residential,Residual road group,0.0005091649694501018
5111244021,5105865505,Popular Tree Drive,Named corridor,0.0005091649694501018
5111284814,5111284813,Unnamed / Residential,Residual road group,0.0005091649694501018
303291457,5105928236,Silver Maple Tree Drive,Named corridor,0.0005091649694501018
303291459,5100181704,Silk Tree Drive,Named corridor,0.0005091649694501018
271823449,5092133591,Caribou Drive,Named corridor,0.0005091649694501018
279565023,5092082930,Chameleon Drive,Named corridor,0.0005091649694501018
4283387758,4283387753,Windsor Road,Named corridor,0.0005091649694501018
5092713950,1927155635,Lane 5,Named corridor,0.0005091649694501018
5105967519,5105967728,Unnamed / Residential,Residual road group,0.0005091649694501018
5113616607,1790494634,Rubber Tree Drive,Named corridor,0.0005091649694501018
5081179360,5081179367,Unnamed / Residential,Residual road group,0.0005091649694501018
5106176825,5106176830,Unnamed / Residential,Residual road group,0.0005091649694501018
5106176825,5105271292,Zorg en Rust Road,Named corridor,0.0005091649694501018
5106558290,4283271730,Monrovia Road,Named corridor,0.0005091649694501018
4284453027,5128327735,Begonia Drive,Named corridor,0.0005091649694501018
5106084652,5106084655,Unnamed / Residential,Residual road group,0.0005091649694501018
4283126300,5109600298,Unnamed / Residential,Residual road group,0.0005091649694501018
5105900094,1795530477,Clam Shell Drive,Named corridor,0.0005091649694501018
10043560157,1790494619,Mahoe Tree Drive,Named corridor,0.0005091649694501018
1111760460,1111760461,Stockholm Drive,Named corridor,0.0005091649694501018
6693549245,7517679949,Unnamed / Residential,Residual road group,0.0005091649694501018
5098348157,5106192246,Unnamed / Residential,Residual road group,0.0005091649694501018
3658023354,3658023352,Halley's Drive,Named corridor,0.0005091649694501018
272111715,1793043930,Peterson's Drive,Named corridor,0.0005091649694501018
272111711,1791624400,Vlaun's Drive,Named corridor,0.0005091649694501018
5111243519,5105865503,Unnamed / Residential,Residual road group,0.0005091649694501018
2970143311,2970143318,Unnamed / Residential,Residual road group,0.0005091649694501018
5118264426,5316765669,Amazone Road,Named corridor,0.0005091649694501018
5113997839,5113997840,Unnamed / Residential,Residual road group,0.0005091649694501018
5109568453,5109568457,Unnamed / Residential,Residual road group,0.0005091649694501018
12648583079,12648583080,Unnamed / Residential,Residual road group,0.0005091649694501018
6677367413,303244474,Montevideo Road,Named corridor,0.0005091649694501018
303244591,303244632,Unresolved multi-name edge,Residual road group,0.0005091649694501018
303244639,303244326,Nazareth Road,Named corridor,0.0005091649694501018
303244494,303244457,George C. de Weever Road,Named corridor,0.0005091649694501018
2669988943,3283102681,Emerald Merit Road,Named corridor,0.0005091649694501018
1791624399,1791624401,Robert's Drive,Named corridor,0.0005091649694501018
5102796571,5102796576,Unnamed / Residential,Residual road group,0.0005091649694501018
5102796571,5102796580,Unnamed / Residential,Residual road group,0.0005091649694501018
3656887996,3656887992,Warsaw Drive,Named corridor,0.0005091649694501018
1946839564,4284453032,Gladiola Drive,Named corridor,0.0005091649694501018
1946839564,5128015789,Tulip Drive,Named corridor,0.0005091649694501018
6693513371,12747121524,Unnamed / Residential,Residual road group,0.0005091649694501018
5106110745,5106110748,Unnamed / Residential,Residual road group,0.0005091649694501018
4284401599,5106516493,Unnamed / Residential,Residual road group,0.0005091649694501018
271824187,5106587171,Unnamed / Residential,Residual road group,0.0005091649694501018
5116134150,5116134148,Unnamed / Residential,Residual road group,0.0005091649694501018
271824177,3657008621,Gumbs Drive,Named corridor,0.0005091649694501018
271809226,1947680296,Kanaal Steeg,Named corridor,0.0005091649694501018
5103937178,5115324009,Unnamed / Residential,Residual road group,0.0005091649694501018
5097778760,5083871285,Tigiris Road,Named corridor,0.0005091649694501018
5097778760,5298269684,Indus Drive,Named corridor,0.0005091649694501018
5097820165,5097820173,Tisza Drive,Named corridor,0.0005091649694501018
271804495,271804508,White Sands Road,Named corridor,0.0005091649694501018
2670042478,5097820159,Unnamed / Residential,Residual road group,0.0005091649694501018
279563499,279563500,Rhino Drive,Named corridor,0.0005091649694501018
5105797417,5106278530,Quilletor Drive,Named corridor,0.0005091649694501018
1840729286,1946846041,Cupper Drive,Named corridor,0.0005091649694501018
1918592985,1950775997,Unnamed / Residential,Residual road group,0.0005091649694501018
2670042478,5298294405,Unnamed / Residential,Residual road group,0.0005091649694501018
5111284779,5111284782,Unnamed / Residential,Residual road group,0.0005091649694501018
2970143325,2970143321,Bay Leaf Tree Drive,Named corridor,0.0005091649694501018
5318904035,5113079951,Cockspur Tree Drive,Named corridor,0.0005091649694501018
5105897027,6691510094,Skyline Drive,Named corridor,0.0005091649694501018
5105897027,6691510093,Unnamed / Residential,Residual road group,0.0005091649694501018
4283266865,5080854242,Mozart Road,Named corridor,0.0005091649694501018
4283266865,5081070493,Unnamed / Residential,Residual road group,0.0005091649694501018
271803514,271804147,Beacon Hill Road,Named corridor,0.0005091649694501018
5105900094,5105900101,Unnamed / Living Street,Residual road group,0.0005091649694501018
5101854019,5119424572,Unnamed / Residential,Residual road group,0.0005091649694501018
272111918,5122828188,Sr. Patientia Road,Named corridor,0.0005091649694501018
272111684,1791624398,Sr. Agnus Drive,Named corridor,0.0005091649694501018
272111694,5107203669,Simpson Bay Road,Named corridor,0.0005091649694501018
5107184558,5105851869,Unnamed / Residential,Residual road group,0.0005091649694501018
5107184558,5107184561,Unnamed / Residential,Residual road group,0.0005091649694501018
5106084657,5106278527,Madrid Road,Named corridor,0.0005091649694501018
5106084657,5106278571,Unnamed / Residential,Residual road group,0.0005091649694501018
5103937178,5103937180,Unnamed / Residential,Residual road group,0.0005091649694501018
5109568453,5109568458,Unnamed / Unclassified,Residual road group,0.0005091649694501018
272111686,5095598213,Sr. Clara Drive,Named corridor,0.0005091649694501018
5111747793,5111747795,Unnamed / Residential,Residual road group,0.0005091649694501018
271804495,1874920957,Unnamed / Residential,Residual road group,0.0005091649694501018
1927340436,4284485801,Industrie Drive,Named corridor,0.0005091649694501018
271803838,271804512,White Sands Drive,Named corridor,0.0005091649694501018
1753978285,7507271240,Sun Cactus Drive,Named corridor,0.0005091649694501018
5107885218,5107885221,Unnamed / Residential,Residual road group,0.0005091649694501018
1946850598,1760740345,Mango Road,Named corridor,0.0005091649694501018
5105707340,303244626,Panama Road,Named corridor,0.0005091649694501018
4284366861,5105271247,Unnamed / Residential,Residual road group,0.0005091649694501018
1927155600,1927155563,Unnamed / Residential,Residual road group,0.0005091649694501018
5105831443,5105831444,Unnamed / Residential,Residual road group,0.0005091649694501018
303246886,1927155683,Aaron Jacbo's Drive,Named corridor,0.0005091649694501018
4283387739,4283387745,Unnamed / Residential,Residual road group,0.0005091649694501018
5109558952,4274611901,Unnamed / Residential,Residual road group,0.0005091649694501018
3194144108,303246305,Canoe Shell Road,Named corridor,0.0005091649694501018
4024314855,5108046887,Chestnut Turban Shell Road,Named corridor,0.0005091649694501018
3708335156,303246894,Unnamed / Residential,Residual road group,0.0005091649694501018
5092713942,5092713943,Clarinet Drive,Named corridor,0.0005091649694501018
5092713942,5115707740,Cay Bay Road,Named corridor,0.0005091649694501018
250656258,5107829534,Nile Road,Named corridor,0.0005091649694501018
4284327642,4284327644,Cerus Cactus Drive,Named corridor,0.0005091649694501018
5130592914,5130592910,Sunflower Road,Named corridor,0.0005091649694501018
5081703451,5128467520,Unnamed / Residential,Residual road group,0.0005091649694501018
4284485794,4284485806,Goglet Drive,Named corridor,0.0005091649694501018
5079837095,2669956224,Unnamed / Residential,Residual road group,0.0005091649694501018
5079837095,5079837097,Unnamed / Residential,Residual road group,0.0005091649694501018
303255086,5079888067,Monte Vista Road,Named corridor,0.0005091649694501018
303255078,5079888069,Unnamed / Residential,Residual road group,0.0005091649694501018
1947783689,3456873815,Claw Cactus Road,Named corridor,0.0005091649694501018
3656717365,3656717364,Waterfowl Road,Named corridor,0.0005091649694501018
5116691676,5116078340,Unnamed / Residential,Residual road group,0.0005091649694501018
303254183,9812426905,Pelican Road,Named corridor,0.0005091649694501018
1840729270,303291128,Sugar Hill Drive,Named corridor,0.0005091649694501018
303291325,3833305166,Unnamed / Residential,Residual road group,0.0005091649694501018
303291325,3833307267,Unnamed / Residential,Residual road group,0.0005091649694501018
1947060981,1947060978,Sand Piper Drive,Named corridor,0.0005091649694501018
1947060981,303255185,Sand Piper Drive,Named corridor,0.0005091649694501018
1927155411,1927155427,Frangipani Road,Named corridor,0.0005091649694501018
558701475,4282055239,Turnstone Road,Named corridor,0.0005091649694501018
1033360489,2670241143,Spinel Road,Named corridor,0.0005091649694501018
319861598,2670241430,Citrine Road,Named corridor,0.0005091649694501018
1927155684,1927155685,Cordia Road,Named corridor,0.0005091649694501018
1918592981,9393783456,Unnamed / Residential,Residual road group,0.0005091649694501018
303239887,303239908,Stiltwalker Drive,Named corridor,0.0005091649694501018
1840729284,1927155540,Maubay Drive,Named corridor,0.0005091649694501018
5106010107,5106010115,Unnamed / Residential,Residual road group,0.0005091649694501018
4284485848,4284485857,Killebarn Drive,Named corridor,0.0005091649694501018
4284327642,4284327637,Old Man Cactus Road,Named corridor,0.0005091649694501018
3657008615,3657008622,Lake's Drive,Named corridor,0.0005091649694501018
271824215,3657008834,St Johns Drive,Named corridor,0.0005091649694501018
5106010104,13478526509,Unnamed / Residential,Residual road group,0.0005091649694501018
271824217,4284327638,Tortola Drive,Named corridor,0.0005091649694501018
5082464649,5082464645,Unnamed / Residential,Residual road group,0.0005091649694501018
4284401900,4284401673,Unnamed / Residential,Residual road group,0.0005091649694501018
1946875644,1946875622,Unnamed / Residential,Residual road group,0.0005091649694501018
1927155733,1927155432,St John's Estate Road,Named corridor,0.0005091649694501018
1927155478,6691214496,Unnamed / Residential,Residual road group,0.0005091649694501018
3657008615,4284401954,Unnamed / Residential,Residual road group,0.0005091649694501018
4283199039,4283199033,Unresolved multi-name edge,Residual road group,0.0005091649694501018
5094587590,5082319410,Peridot Road,Named corridor,0.0005091649694501018
1033359743,4283201338,Unnamed / Residential,Residual road group,0.0005091649694501018
558702365,558702373,Yellow Bird Road,Named corridor,0.0005091649694501018
1967799955,3980929747,Unnamed / Residential,Residual road group,0.0005091649694501018
5128328500,1927155362,Camelia Road,Named corridor,0.0005091649694501018
1927155295,1927155381,Cannegieter Drive,Named corridor,0.0005091649694501018
3657225828,3657225829,Gooseberry Drive,Named corridor,0.0005091649694501018
4283387759,5092806102,Guitar Drive,Named corridor,0.0005091649694501018
5081517596,5081517598,Unnamed / Residential,Residual road group,0.0005091649694501018
303239075,1111847295,Kiwi Drive,Named corridor,0.0005091649694501018
4284362455,12747121527,Unnamed / Residential,Residual road group,0.0005091649694501018
5105707323,5106278572,Unnamed / Residential,Residual road group,0.0005091649694501018
4284362474,4284362486,Unnamed / Residential,Residual road group,0.0005091649694501018
5082084403,5105831442,Unnamed / Residential,Residual road group,0.0005091649694501018
1967799955,4283347872,Zo Zo Moran Road,Named corridor,0.0005091649694501018
5113285796,9816259075,Unnamed / Residential,Residual road group,0.0005091649694501018
1947004269,1947004277,Unnamed / Residential,Residual road group,0.0005091649694501018
303239084,5081517606,Unnamed / Residential,Residual road group,0.0005091649694501018
1927155409,5092713968,Unnamed / Residential,Residual road group,0.0005091649694501018
2970143270,5106228493,Unnamed / Residential,Residual road group,0.0005091649694501018
2970143270,5081026606,Unnamed / Residential,Residual road group,0.0005091649694501018
4282056976,558701512,Pelican Road,Named corridor,0.0005091649694501018
5105705504,5105705507,Richardson Drive,Named corridor,0.0005091649694501018
4284362426,4284362423,North Spring Drive,Named corridor,0.0005091649694501018
5082464650,5082464654,Unnamed / Residential,Residual road group,0.0005091649694501018
4284327620,4284327612,Margaret Bruces's Drive,Named corridor,0.0005091649694501018
5105967514,5115201048,Cay Bay Road,Named corridor,0.0005091649694501018
5094587590,5094587594,Unnamed / Residential,Residual road group,0.0005091649694501018
4282055225,4282055227,Pigeon Drive,Named corridor,0.0005091649694501018
1947004247,5081254501,Kudu Drive,Named corridor,0.0005091649694501018
1946839582,1946839571,Gladiola Road,Named corridor,0.0005091649694501018
4284327710,4284327717,Brown Drive,Named corridor,0.0005091649694501018
4284327662,5107286877,Old Man Cactus Road,Named corridor,0.0005091649694501018
4284327643,6695229429,Unnamed / Residential,Residual road group,0.0005091649694501018
4283212568,5105823081,Unnamed / Residential,Residual road group,0.0005091649694501018
5081594427,5081594434,Unnamed / Residential,Residual road group,0.0005091649694501018
1840729279,303243941,Emancipation Drive,Named corridor,0.0005091649694501018
303253115,542329660,Mockingbird Road,Named corridor,0.0005091649694501018
1795530427,1795530464,Escargot Drive,Named corridor,0.0005091649694501018
1795530479,3921197998,Tamarind Hill Road,Named corridor,0.0005091649694501018
5106110776,5106110738,Unnamed / Residential,Residual road group,0.0005091649694501018
5106110776,5106110782,Unnamed / Residential,Residual road group,0.0005091649694501018
7514153253,12756495700,Unnamed / Residential,Residual road group,0.0005091649694501018
4284327745,5082413267,Sofia Drive,Named corridor,0.0005091649694501018
3656813311,7507190054,Prickle Pear Road,Named corridor,0.0005091649694501018
4274611894,5079937303,Unnamed / Residential,Residual road group,0.0005091649694501018
5105839629,5105839631,Unnamed / Residential,Residual road group,0.0005091649694501018
3456873952,3456873958,Meadowlands Drive,Named corridor,0.0005091649694501018
4723309836,4723309835,Daffodil Drive,Named corridor,0.0005091649694501018
1795509316,1795509353,Rice Hill Estate Drive,Named corridor,0.0005091649694501018
303245896,3713084523,Experimental Estate Drive,Named corridor,0.0005091649694501018
303245898,4274611951,Merite Shell Road,Named corridor,0.0005091649694501018
5107794662,5107794663,Grand Caicos Drive,Named corridor,0.0005091649694501018
271824167,5105895355,Pinel Key Drive,Named corridor,0.0005091649694501018
1840737733,3656982143,Eleuthera Drive,Named corridor,0.0005091649694501018
303245895,3712985678,Unnamed / Residential,Residual road group,0.0005091649694501018
4284453027,5128327743,Begonia Drive,Named corridor,0.0005091649694501018
1795509372,1795509380,Count Basie Drive,Named corridor,0.0005091649694501018
1795509313,1795509304,Louis Armstrong Drive,Named corridor,0.0005091649694501018
1795509297,5087353744,Rice Hill Estate Road,Named corridor,0.0005091649694501018
1795509338,1795509334,Benny Goodman Drive,Named corridor,0.0005091649694501018
1795427878,1795427879,Coconut Palm Drive,Named corridor,0.0005091649694501018
4283347877,4283347873,Unnamed / Residential,Residual road group,0.0005091649694501018
271993335,5119570497,Fort Oranje Drive,Named corridor,0.0005091649694501018
1795515894,5108089386,Unnamed / Residential,Residual road group,0.0005091649694501018
1973313619,1795509347,Defiance Road,Named corridor,0.0005091649694501018
271976491,9136848839,Green Star Shell Road,Named corridor,0.0005091649694501018
1795509336,1795509364,Rice Hill Estate Road,Named corridor,0.0005091649694501018
4283126300,2970143349,Surf Clam Road,Named corridor,0.0005091649694501018
5298475118,1927155665,Aaron Jacbo's Drive,Named corridor,0.0005091649694501018
5651208579,3456889766,Unnamed / Residential,Residual road group,0.0005091649694501018
5103667447,5106579605,Mathew's Lane,Named corridor,0.0005091649694501018
1795421200,5298457699,Unnamed / Unclassified,Residual road group,0.0005091649694501018
5107794655,5116288834,Unnamed / Residential,Residual road group,0.0005091649694501018
5109568425,3283102175,Oyster Pond Road,Named corridor,0.0005091649694501018
5109568425,5109568420,Unnamed / Residential,Residual road group,0.0005091649694501018
1795509336,1795509351,Rice Hill Estate Road,Named corridor,0.0005091649694501018
5105823059,303290954,Unnamed / Residential,Residual road group,0.0005091649694501018
5105823059,5105823065,Unnamed / Residential,Residual road group,0.0005091649694501018
303255095,3880564017,Monte Vista Drive,Named corridor,0.0005091649694501018
3880564008,2669956221,Unnamed / Residential,Residual road group,0.0005091649694501018
3880564008,5079807556,King Bird Drive,Named corridor,0.0005091649694501018
1927340429,1946875614,Red Rose Drive,Named corridor,0.0005091649694501018
271802937,1791647091,Doodle Doo Cactus Drive,Named corridor,0.0005091649694501018
271802937,7510506371,Doodle Doo Cactus Drive,Named corridor,0.0005091649694501018
5108089387,5108089390,Surf Clam Road,Named corridor,0.0005091649694501018
1791649374,1791649407,Duke Drive,Named corridor,0.0005091649694501018
5108046892,5108046897,Pen Shell Road,Named corridor,0.0005091649694501018
5108046892,5109211164,Pen Shell Road,Named corridor,0.0005091649694501018
5081546080,5081546082,Unnamed / Residential,Residual road group,0.0005091649694501018
5081594005,5109214774,Unnamed / Residential,Residual road group,0.0005091649694501018
1840729280,303239913,Independence Drive,Named corridor,0.0005091649694501018
4284328374,5082084168,Unnamed / Residential,Residual road group,0.0005091649694501018
5322445660,5322445657,Unnamed / Residential,Residual road group,0.0005091649694501018
4284328375,5081123794,Unnamed / Residential,Residual road group,0.0005091649694501018
303245600,303245598,Gold Finger Road,Named corridor,0.0005091649694501018
2970143353,5315133858,Unnamed / Residential,Residual road group,0.0005091649694501018
5081254486,5081254496,Otter Drive,Named corridor,0.0005091649694501018
4283311681,4283311673,Camel Drive,Named corridor,0.0005091649694501018
5081254486,272110924,Otter Drive,Named corridor,0.0005091649694501018
1927324474,279556203,Little Bay Road,Named corridor,0.0005091649694501018
5105876923,5105876935,Unnamed / Residential,Residual road group,0.0005091649694501018
5105876950,5128224317,Unnamed / Residential,Residual road group,0.0005091649694501018
5105862510,5105862511,Unnamed / Residential,Residual road group,0.0005091649694501018
5119424612,5119424607,Unnamed / Residential,Residual road group,0.0005091649694501018
544045387,4274572078,Falcon Drive,Named corridor,0.0005091649694501018
5106142937,5107393710,Unnamed / Residential,Residual road group,0.0005091649694501018
5100669105,5100669111,Diamond Drive,Named corridor,0.0005091649694501018
303292044,5126047184,Peter John Road,Named corridor,0.0005091649694501018
5101763227,3657955704,Unnamed / Residential,Residual road group,0.0005091649694501018
5101763227,5126046804,Unnamed / Residential,Residual road group,0.0005091649694501018
5106084652,5106084653,Unnamed / Residential,Residual road group,0.0005091649694501018
1927155482,11770931061,Unnamed / Residential,Residual road group,0.0005091649694501018
11770931060,11770931054,Unnamed / Residential,Residual road group,0.0005091649694501018
544045426,3656754120,Eagle Road,Named corridor,0.0005091649694501018
5119424612,5119424602,Unnamed / Residential,Residual road group,0.0005091649694501018
4284362484,1111757739,Garden of Eden Drive,Named corridor,0.0005091649694501018
5118025428,4283271724,Unnamed / Residential,Residual road group,0.0005091649694501018
3656887990,3656887986,Arndell's Drive,Named corridor,0.0005091649694501018
5115113373,5115113376,Unnamed / Residential,Residual road group,0.0005091649694501018
5105844552,5092713961,Guiro Road,Named corridor,0.0005091649694501018
5105844547,5105844546,Unnamed / Residential,Residual road group,0.0005091649694501018
5105844547,5081627519,Unnamed / Residential,Residual road group,0.0005091649694501018
4283281287,4283283790,Unnamed / Residential,Residual road group,0.0005091649694501018
1947004306,1947004281,Sea Island Cotton Road,Named corridor,0.0005091649694501018
5081454518,5081455422,Unnamed / Residential,Residual road group,0.0005091649694501018
5081454518,5108006313,Guana Bay Drive,Named corridor,0.0005091649694501018
4283103454,5319294479,Unnamed / Residential,Residual road group,0.0005091649694501018
5119429426,5119424620,Unnamed / Residential,Residual road group,0.0005091649694501018
5107794645,5107728583,Acklin Island Drive,Named corridor,0.0005091649694501018
1973313632,5109208540,Unnamed / Residential,Residual road group,0.0005091649694501018
4983625051,4983625052,Unnamed / Residential,Residual road group,0.0005091649694501018
5322410660,1973310091,Pendant Cactus Road,Named corridor,0.0005091649694501018
303247939,303247938,Topaz Drive,Named corridor,0.0005091649694501018
4283281287,4283281268,Unnamed / Residential,Residual road group,0.0005091649694501018
303248047,3701771862,Unnamed / Residential,Residual road group,0.0005091649694501018
2970143335,1967799969,C. A. Levendag Street,Named corridor,0.0005091649694501018
5113493111,5113493112,Unnamed / Residential,Residual road group,0.0005091649694501018
5113493111,1967799937,Unnamed / Residential,Residual road group,0.0005091649694501018
1967799945,1967799939,C. Shaw Street,Named corridor,0.0005091649694501018
1967799965,1967799909,Sequoia Drive,Named corridor,0.0005091649694501018
1967799912,1967799920,Cedar Grove Drive,Named corridor,0.0005091649694501018
3994661891,3994661892,Maduro Drive,Named corridor,0.0005091649694501018
12741558230,12741558227,Unnamed / Residential,Residual road group,0.0005091649694501018
3658023351,3658023355,Amber Road,Named corridor,0.0005091649694501018
2535480166,12646776195,Unnamed / Residential,Residual road group,0.0005091649694501018
319861594,303248860,Unnamed / Residential,Residual road group,0.0005091649694501018
5109208531,5079976768,Gulf Scallop Drive,Named corridor,0.0005091649694501018
4284485837,4284485843,Unnamed / Residential,Residual road group,0.0005091649694501018
4284485837,5106754736,Dollison's Drive,Named corridor,0.0005091649694501018
1109617065,5103489305,Johan Vermeer Street,Named corridor,0.0005091649694501018
5091337649,5319258091,F. Hughes Road,Named corridor,0.0005091649694501018
12648620831,4284362478,Philipine Drive,Named corridor,0.0005091649694501018
303248788,5094587586,Agate Road,Named corridor,0.0005091649694501018
5109208218,5109208213,Scallop Shell Road,Named corridor,0.0005091649694501018
5109208218,1973313661,Scallop Shell Road,Named corridor,0.0005091649694501018
5081290990,1973313653,Unnamed / Residential,Residual road group,0.0005091649694501018
4283330654,5081895373,Unnamed / Residential,Residual road group,0.0005091649694501018
4283330659,5081895368,Unnamed / Residential,Residual road group,0.0005091649694501018
303290919,303242217,Unnamed / Residential,Residual road group,0.0005091649694501018
303244061,303244066,Reward Road,Named corridor,0.0005091649694501018
5111069280,5111069292,Unnamed / Residential,Residual road group,0.0005091649694501018
303247400,1794975142,Unnamed / Residential,Residual road group,0.0005091649694501018
1111794254,1111818671,Prospect Estate Road,Named corridor,0.0005091649694501018
3657008624,3657008829,Freeport Drive,Named corridor,0.0005091649694501018
4284327719,4284327725,Mustique Island Road,Named corridor,0.0005091649694501018
4284327719,1892258669,St Barths Drive,Named corridor,0.0005091649694501018
3672246173,5173143216,Smalle Steeg,Named corridor,0.0005091649694501018
5105819319,3893661970,Magpie Road,Named corridor,0.0005091649694501018
5106144237,5106144239,Unnamed / Residential,Residual road group,0.0005091649694501018
271824226,5109844738,Unnamed / Residential,Residual road group,0.0005091649694501018
279563499,279563502,Unnamed / Residential,Residual road group,0.0005091649694501018
1950775994,5082354509,Unnamed / Residential,Residual road group,0.0005091649694501018
4283387693,12009652536,Unnamed / Residential,Residual road group,0.0005091649694501018
5126046812,5126046721,Unnamed / Residential,Residual road group,0.0005091649694501018
4283376120,4283376101,Dombey Tree Drive,Named corridor,0.0005091649694501018
5081123758,5081123761,Unnamed / Residential,Residual road group,0.0005091649694501018
5105795751,5105795754,Unnamed / Residential,Residual road group,0.0005091649694501018
5105795751,6695229434,Unresolved multi-name edge,Residual road group,0.0005091649694501018
5103489306,5080501884,Madame Estate Road,Named corridor,0.0005091649694501018
5108014130,5079795133,Unnamed / Residential,Residual road group,0.0005091649694501018
5115113373,1111757784,Lambert Road,Named corridor,0.0005091649694501018
303247295,5080628984,Calabash Road,Named corridor,0.0005091649694501018
271809815,1947763419,Unnamed / Residential,Residual road group,0.0005091649694501018
5081970683,3656830464,Candelabra Cactus Drive,Named corridor,0.0005091649694501018
1791647090,7507155841,Unnamed / Residential,Residual road group,0.0005091649694501018
1918592978,3994661893,Retreat Estate Road,Named corridor,0.0005091649694501018
3703336818,3703336819,Unnamed / Residential,Residual road group,0.0005091649694501018
5105875713,5105875720,Unnamed / Residential,Residual road group,0.0005091649694501018
9464446348,2146374854,Unnamed / Residential,Residual road group,0.0005091649694501018
4274573759,5105875707,Unnamed / Residential,Residual road group,0.0005091649694501018
2146369474,5105875712,Unnamed / Residential,Residual road group,0.0005091649694501018
5105797418,5105797419,One Hoe Lane,Named corridor,0.0005091649694501018
4284485705,5079920000,Gazelle Drive,Named corridor,0.0005091649694501018
271823361,1927155729,Beaver Drive,Named corridor,0.0005091649694501018
303248695,5094672282,Zircon Road,Named corridor,0.0005091649694501018
9816259047,1033360254,Pearl Drive,Named corridor,0.0005091649694501018
303248238,5109755938,Ruby Drive,Named corridor,0.0005091649694501018
303248238,303248157,Ruby Drive,Named corridor,0.0005091649694501018
303248694,3658023356,Tourmaline Road,Named corridor,0.0005091649694501018
1947680282,3674048023,Rink Steeg,Named corridor,0.0005091649694501018
3704237221,5094662961,Unnamed / Residential,Residual road group,0.0005091649694501018
4284401679,7282977487,Middle Region Road,Named corridor,0.0005091649694501018
271824206,8846375285,Romeo's Drive,Named corridor,0.0005091649694501018
271824207,4284401946,Unnamed / Residential,Residual road group,0.0005091649694501018
271824196,6693516594,Unnamed / Residential,Residual road group,0.0005091649694501018
5082484557,5105941207,Unnamed / Residential,Residual road group,0.0005091649694501018
5105967734,5105967754,Lakeside Drive,Named corridor,0.0005091649694501018
5081901323,5105967769,Unnamed / Residential,Residual road group,0.0005091649694501018
4283376120,5109950725,Mountain Ebony Road,Named corridor,0.0005091649694501018
5113285796,1947004341,Diamond Road,Named corridor,0.0005091649694501018
5113124681,5105941199,Unnamed / Residential,Residual road group,0.0005091649694501018
1947004308,1947004259,Sea Island Cotton drive,Named corridor,0.0005091649694501018
1947004308,5119429696,Unnamed / Residential,Residual road group,0.0005091649694501018
558702377,558702376,Blue Jay Drive,Named corridor,0.0005091649694501018
303252854,3137677066,Goldfinch Road,Named corridor,0.0005091649694501018
4284327620,6695229450,Unnamed / Residential,Residual road group,0.0005091649694501018
303249771,5098603623,Locas Tree Drive,Named corridor,0.0005091649694501018
4284327623,4284327591,St James Estate Road,Named corridor,0.0005091649694501018
4284327623,5082026111,Unresolved multi-name edge,Residual road group,0.0005091649694501018
1919289241,1927155594,Orchid Road,Named corridor,0.0005091649694501018
303239069,303239062,Blueberry Drive,Named corridor,0.0005091649694501018
2970143300,2970143317,Van Buren Drive,Named corridor,0.0005091649694501018
2970143297,2970143316,Paragrass Drive,Named corridor,0.0005091649694501018
1069035595,1069036648,Turquoise Drive,Named corridor,0.0005091649694501018
1069035595,1069035594,Turquoise Drive,Named corridor,0.0005091649694501018
4283347854,5100181694,Clammy Cherry Road,Named corridor,0.0005091649694501018
4284362594,4284362599,Unnamed / Residential,Residual road group,0.0005091649694501018
5106084647,5106084648,Unnamed / Residential,Residual road group,0.0005091649694501018
4284362482,4284362595,Unnamed / Residential,Residual road group,0.0005091649694501018
4284362483,4284362488,Unnamed / Residential,Residual road group,0.0005091649694501018
1927155290,5092713949,Aaron Jacbo's Drive,Named corridor,0.0005091649694501018
5081936255,5103489312,Madame Estate Drive,Named corridor,0.0005091649694501018
3456873948,3456873946,Stone Oven Drive,Named corridor,0.0005091649694501018
5327905183,5103489292,Grenada Road,Named corridor,0.0005091649694501018
303291328,303291330,Sarsapilla Road,Named corridor,0.0005091649694501018
3657907542,5317254327,The Cottage Drive,Named corridor,0.0005091649694501018
3833307959,5092258967,Unnamed / Residential,Residual road group,0.0005091649694501018
3833307959,3833308171,Unnamed / Residential,Residual road group,0.0005091649694501018
1973316129,1973316130,Bow Estate Road,Named corridor,0.0005091649694501018
4284485698,4284485729,Clover Drive,Named corridor,0.0005091649694501018
5082403701,5082403704,Unnamed / Residential,Residual road group,0.0005091649694501018
1946850234,1946850243,Unnamed / Residential,Residual road group,0.0005091649694501018
303238857,5113888360,Unnamed / Residential,Residual road group,0.0005091649694501018
4283373871,5101855235,Unnamed / Residential,Residual road group,0.0005091649694501018
4283348344,4283348338,Shak Shak Tree Drive,Named corridor,0.0005091649694501018
5100220547,5100220548,Red Cedar Tree Drive,Named corridor,0.0005091649694501018
4283348315,4983625053,Smoke Tree Drive,Named corridor,0.0005091649694501018
303248106,303248260,Sapphire Road,Named corridor,0.0005091649694501018
5094620385,5094620389,Unnamed / Residential,Residual road group,0.0005091649694501018
1109616983,1109616985,Watling Island Road,Named corridor,0.0005091649694501018
4284485480,5081905357,Nutmeg Drive,Named corridor,0.0005091649694501018
3657930403,3704351458,Unnamed / Residential,Residual road group,0.0005091649694501018
1919289243,1927155620,Orchid Road,Named corridor,0.0005091649694501018
1927155469,1950775992,Passion Flower Road,Named corridor,0.0005091649694501018
1919289219,5105829201,Unnamed / Residential,Residual road group,0.0005091649694501018
4284485479,5081905521,Balsam Drive,Named corridor,0.0005091649694501018
1760740328,1760740317,Unnamed / Residential,Residual road group,0.0005091649694501018
5081121721,3657225827,Golden Apple Drive,Named corridor,0.0005091649694501018
3657225830,3657225836,Unnamed / Residential,Residual road group,0.0005091649694501018
1919289219,5105829200,Unnamed / Residential,Residual road group,0.0005091649694501018
5115113398,4284401955,Gibs Drive,Named corridor,0.0005091649694501018
5115113398,5115113401,Unnamed / Residential,Residual road group,0.0005091649694501018
5082534970,5082534976,Unnamed / Residential,Residual road group,0.0005091649694501018
4284401658,4284401642,Mayaguana Drive,Named corridor,0.0005091649694501018
4284401681,5080502728,Port of Spain Drive,Named corridor,0.0005091649694501018
4284401681,4284401902,Unnamed / Residential,Residual road group,0.0005091649694501018
5113328869,4284398475,Unnamed / Residential,Residual road group,0.0005091649694501018
4284362600,5106110756,Unnamed / Residential,Residual road group,0.0005091649694501018
4284366863,5081179380,Milton's Drive,Named corridor,0.0005091649694501018
303238856,303239107,Sugarapple Road,Named corridor,0.0005091649694501018
5317343969,303253587,Mountaindove Road,Named corridor,0.0005066191446028513
4085224978,4085224972,Mortar Drive,Named corridor,0.0005066191446028513
5130592914,1946814867,Sunflower Road,Named corridor,0.0005066191446028513
3656717365,303254452,Gullin Road,Named corridor,0.0005066191446028513
1947004247,5317215555,Kudu Drive,Named corridor,0.0005066191446028513
558621716,542329759,Black Tern Road,Named corridor,0.0005066191446028513
5092258956,5092258952,Anise Drive,Named corridor,0.0005066191446028513
558702364,5109219968,Great Blue Heron Drive,Named corridor,0.0005066191446028513
5105797415,5105797414,Unnamed / Residential,Residual road group,0.0005066191446028513
9816259047,9816259048,Unnamed / Residential,Residual road group,0.0005066191446028513
1791647067,1791647059,Column Cactus Drive,Named corridor,0.0005066191446028513
5081629625,5092713964,Unnamed / Residential,Residual road group,0.0005066191446028513
5113328869,4284401592,Middle Region Road,Named corridor,0.0005066191446028513
1919289219,5113615715,Claude Estate Road,Named corridor,0.0005066191446028513
4283330638,4283330625,Christmas Cactus Drive,Named corridor,0.0005066191446028513
1840729282,303239911,Ponnum Drive,Named corridor,0.0005066191446028513
303239360,303239886,Abolition Drive,Named corridor,0.0005066191446028513
4283212568,303240859,Unnamed / Residential,Residual road group,0.0005066191446028513
4284402189,4284401967,Unnamed / Residential,Residual road group,0.0005066191446028513
4284328374,5322445671,Unnamed / Residential,Residual road group,0.0005066191446028513
271802960,1791649413,Unnamed / Residential,Residual road group,0.0005066191446028513
3657955703,5119429641,Cannon Ball Tree Drive,Named corridor,0.0005066191446028513
9480372088,303247374,Unnamed / Unclassified,Residual road group,0.0005066191446028513
2535486721,9797769010,Sea Side Drive,Named corridor,0.0005066191446028513
5081715704,5119429429,Unnamed / Residential,Residual road group,0.0005066191446028513
5105832763,303247330,Brownea Tree Drive,Named corridor,0.0005066191446028513
4024314855,1927267039,Unnamed / Residential,Residual road group,0.0005066191446028513
3708335156,5317090598,Unnamed / Residential,Residual road group,0.0005066191446028513
303245913,3974366445,Triton Shell Road,Named corridor,0.0005066191446028513
1795520090,5108089392,Surf Clam Road,Named corridor,0.0005066191446028513
5111723776,5111723782,Unnamed / Residential,Residual road group,0.0005066191446028513
1946850598,5081824388,Banana Road,Named corridor,0.0005066191446028513
3657008827,5082484573,Trinidad Drive,Named corridor,0.0005066191446028513
303240033,303240610,Melford A. Hazel Road,Named corridor,0.0005066191446028513
1791676268,1791676265,Charity Drive,Named corridor,0.0005066191446028513
1868688325,5108101070,Unnamed / Residential,Residual road group,0.0005066191446028513
250652602,4283156652,Madeleine Drive,Named corridor,0.0005066191446028513
5081711365,5106144244,Southeast Arrindell Drive,Named corridor,0.0005066191446028513
5101763256,5101763261,Urchin Tree Drive,Named corridor,0.0005066191446028513
5082062352,5082062354,Unnamed / Residential,Residual road group,0.0005066191446028513
4283103454,4283103451,Gaper Shell Drive,Named corridor,0.0005066191446028513
4283373871,4283373861,Calabash Drive,Named corridor,0.0005066191446028513
5106586184,3657008826,Bequia Drive,Named corridor,0.0005066191446028513
5107067184,5107067187,Unnamed / Residential,Residual road group,0.0005066191446028513
1946844986,3709191251,Wobble Vine Road,Named corridor,0.0005066191446028513
1639802300,3656887984,Illidge Drive,Named corridor,0.0005066191446028513
5082464626,5082464624,Unnamed / Residential,Residual road group,0.0005066191446028513
3703336818,3703336822,Unnamed / Residential,Residual road group,0.0005066191446028513
5105967491,5092567050,Unnamed / Residential,Residual road group,0.0005066191446028513
1111818537,1111818562,Annas Hoop Estate Road,Named corridor,0.0005066191446028513
5105862514,3656846948,Dominica Road,Named corridor,0.0005066191446028513
5106176814,3656887983,Bern Drive,Named corridor,0.0005066191446028513
3975798066,3975798072,Unnamed / Residential,Residual road group,0.0005066191446028513
303244641,4283271747,Ch. Maccow Road,Named corridor,0.0005066191446028513
3656813314,5081747838,Unnamed / Residential,Residual road group,0.0005066191446028513
303244077,303244147,The Quill Road,Named corridor,0.0005066191446028513
5081725600,5081725594,Gladiola Road,Named corridor,0.0005066191446028513
1791649375,5103841079,King of the Sea Drive,Named corridor,0.0005066191446028513
272111918,1791624397,F. Alfie Heileger Drive,Named corridor,0.0005066191446028513
272110974,5090152287,Camel Road,Named corridor,0.0005066191446028513
271976401,5110973288,Unnamed / Residential,Residual road group,0.0005066191446028513
5081711365,4284327633,St Lucia Drive,Named corridor,0.0005066191446028513
1794953143,1794953140,Williams Drive,Named corridor,0.0005066191446028513
303238660,1946850254,Watermelon Road,Named corridor,0.0005066191446028513
2970143340,5126047350,Sea Grape Drive,Named corridor,0.0005066191446028513
544045387,544045372,Eagle Road,Named corridor,0.0005066191446028513
272110998,272111003,Rabbit Road,Named corridor,0.0005066191446028513
4283330624,4283330622,Unnamed / Residential,Residual road group,0.0005066191446028513
1927267026,1927267029,Chestnut Turban Shell Road,Named corridor,0.0005066191446028513
4284485699,4284485694,Antilope Drive,Named corridor,0.0005066191446028513
2970143340,5100669086,Sea Grape Drive,Named corridor,0.0005066191446028513
319861601,5113273928,Onyx Road,Named corridor,0.0005066191446028513
4283387693,9316551307,Indigo Bay Boulevard,Named corridor,0.0005040733197556008
5101855230,5101855231,Marconi Road,Named corridor,0.0005040733197556008
9480372088,303247380,Port de Plaisance Drive,Named corridor,0.0005040733197556008
303246916,303246930,Wyoming Street,Named corridor,0.0005040733197556008
303247387,13395914858,Unnamed / Unclassified,Residual road group,0.0005040733197556008
1973313656,1795509355,Rice Hill,Named corridor,0.0005015274949083503
303247400,1795420996,Unnamed / Residential,Residual road group,0.0004989816700610997
271809288,5091337649,Long Wall Road,Named corridor,0.0004989816700610997
5081901323,4283387694,Cay Bay Road,Named corridor,0.0004989816700610997
2535460893,303247349,Unnamed / Unclassified,Residual road group,0.0004989816700610997
303241404,303240150,W.R. Plantz Road,Named corridor,0.0004989816700610997
5079795128,5079795134,Unnamed / Residential,Residual road group,0.0004938900203665988
271823355,3657930403,Ginger Road,Named corridor,0.0004938900203665988
271823377,271823392,Welgelegen Drive,Named corridor,0.00048625254582484724
303241086,303241108,Boulanger Road,Named corridor,0.0004837067209775967
279561406,279561492,Fort Hill Road,Named corridor,0.0004837067209775967
1840729296,303240997,Carrot Road,Named corridor,0.0004837067209775967
250656196,5109767023,Sr. Regina Road,Named corridor,0.0004811608961303462
303241405,303241406,Deidrick Mathew Road,Named corridor,0.00047352342158859465
303241436,303241439,Abraham Heijliger Road,Named corridor,0.00047352342158859465
303241435,303241440,J. Salomon Gibbes Road,Named corridor,0.00047352342158859465
303241434,303241441,Thomas Aertsen Road,Named corridor,0.00047352342158859465
303238980,303238978,Saint Peters Road,Named corridor,0.0004709775967413442
303238965,303238681,Lemon Road,Named corridor,0.0004684317718940937
1840734740,271811347,C.A. Cannegieter Street,Named corridor,0.0004684317718940937
1111818500,1111818498,Griesel Road,Named corridor,0.00046588594704684316
303238969,303238662,Genip Road,Named corridor,0.00046588594704684316
303239058,303239057,Pomserette Road,Named corridor,0.00046334012219959264
1946846659,303239116,Avocado Road,Named corridor,0.0004607942973523421
1109448575,1111818749,Sugar Mill Estate Road,Named corridor,0.0004607942973523421
303238855,303239074,Grapefruit Road,Named corridor,0.0004582484725050916
1584722491,5110714044,Villa Road,Named corridor,0.0004557026476578411
1111818498,1111818500,Griesel Road,Named corridor,0.0004531568228105906
1111818498,1739739666,Low Estate,Named corridor,0.0004531568228105906
303240241,303240149,Johannes C. Paap Road,Named corridor,0.0004480651731160896
303246916,303246917,Waterfront Road,Named corridor,0.00044297352342158856
1891815943,1891815948,Weduwen Steeg,Named corridor,0.00044297352342158856
5101763243,303246960,Orange Grove Road,Named corridor,0.00044297352342158856
271823435,271823431,Lion Road,Named corridor,0.00044042769857433804
1946905489,303246918,Windmill Street,Named corridor,0.0004378818737270875
303246933,303246919,Washington Street,Named corridor,0.0004378818737270875
271823431,271823429,Jaguar Road,Named corridor,0.00043533604887983706
1927155689,303242883,Oleander Road,Named corridor,0.00043279022403258654
5106142937,6693549245,Opuntia Cactus Road,Named corridor,0.00043279022403258654
1639802358,4283271698,Lima Drive,Named corridor,0.0004276985743380855
272111675,272111681,Fr. Barbanson Road,Named corridor,0.000425152749490835
4284485786,1927340414,Unnamed / Residential,Residual road group,0.0004175152749490835
12925499616,5106579620,Unnamed / Residential,Residual road group,0.00040987780040733195
271823411,271823401,Puma Road,Named corridor,0.0004047861507128309
5110714044,1111794251,Golden Grove Estate Road,Named corridor,0.00039969450101832993
4284362427,4284362433,Caracas Drive,Named corridor,0.0003946028513238289
1946839582,5081725600,Gladiola Road,Named corridor,0.00038187372708757637
303240489,303240024,Conner Road,Named corridor,0.00037932790224032585
271823441,271823429,Hyena Road,Named corridor,0.0003615071283095723
271811347,3674475089,C.A. Cannegieter Street,Named corridor,0.00035896130346232177
303246443,5109558952,The Hope Estate Road,Named corridor,0.00035641547861507125
271823400,271823401,Cougar Road,Named corridor,0.00035386965376782073
271803050,271803027,Voges Straat,Named corridor,0.00035132382892057027
303239118,303239116,Sugarapple Road,Named corridor,0.00034877800407331975
5109558952,303246443,The Hope Estate Road,Named corridor,0.0003436863543788187
271823411,3980929748,Puma Road,Named corridor,0.0003436863543788187
271809260,1891813872,O'Nasha Jones Street,Named corridor,0.0003436863543788187
5131978537,1947048683,Wilhelminastraat,Named corridor,0.0003411405295315682
5109164370,303240024,Conner Road,Named corridor,0.0003411405295315682
271809249,1947508242,Smid Steeg,Named corridor,0.0003411405295315682
1891820221,1891813877,C.A. Cannegieter Street,Named corridor,0.00033604887983706717
1951097065,1951097074,Market Street,Named corridor,0.0003335030549898167
3674475089,271811347,C.A. Cannegieter Street,Named corridor,0.0003335030549898167
271798678,1891820221,Unnamed / Residential,Residual road group,0.00032841140529531567
303240148,303240149,Ebenezer Road,Named corridor,0.00032841140529531567
1927340435,5118409145,Flamboyant Road,Named corridor,0.00032331975560081464
2146370170,9464446348,Unnamed / Residential,Residual road group,0.0003105906313645621
4283271746,303244641,Unnamed / Residential,Residual road group,0.0003105906313645621
303243702,303243192,Carnation Road,Named corridor,0.0003080448065173116
303239116,303239057,Sugarapple Road,Named corridor,0.00030549898167006107
1739739666,1111794254,Low Estate,Named corridor,0.00030040733197556004
5110714044,1111818476,Golden Grove Estate Road,Named corridor,0.00030040733197556004
1111818500,1973316147,Happey Estate Road,Named corridor,0.0002978615071283096
303240149,303240150,Ebenezer Road,Named corridor,0.00029276985743380854
5105797416,5105797417,Unnamed / Residential,Residual road group,0.000290224032586558
271823429,271823411,Jaguar Road,Named corridor,0.000290224032586558
4284362448,4284362426,North Spring Drive,Named corridor,0.000285132382892057
1033360222,1033360634,Maho Roundabout,Named corridor,0.000280040733197556
2669989101,271976527,Unresolved multi-name edge,Residual road group,0.00027240325865580446
303239057,303239028,Sugarapple Road,Named corridor,0.0002673116089613034
271824196,5113124681,Unnamed / Residential,Residual road group,0.00026476578411405296
271803027,1947054193,Achterstraat,Named corridor,0.00024949083503054986
5081936255,5103489306,Madame Estate Road,Named corridor,0.0002443991853360489
5105862514,5103638596,Unnamed / Residential,Residual road group,0.0002443991853360489
3412399573,2644100879,Border Roundabout,Named corridor,0.00023676171079429733
271823435,271823436,Lion Road,Named corridor,0.00023167006109979632
5105941198,4284401599,Basseterre Road,Named corridor,0.0002240325865580448
272110941,272110998,Rabbit Road,Named corridor,0.0002240325865580448
1946846659,303239084,Apricot Road,Named corridor,0.0002240325865580448
1109617127,5327905183,Grenada Road,Named corridor,0.0002240325865580448
303241108,303241090,Radish Road,Named corridor,0.00022148676171079428
271823401,271823411,Puma Road,Named corridor,0.00020621181262729123
3658023354,272111715,Simpson Bay Road,Named corridor,0.00020366598778004071
5133721518,303239029,Apricot Road,Named corridor,0.00020366598778004071
271976527,271976519,Melford Hazel Road,Named corridor,0.00020112016293279022
271802897,5102848197,Pendant Cactus Road,Named corridor,0.00020112016293279022
303242739,303242883,Oleander Road,Named corridor,0.0001985743380855397
303240963,303241086,Plantin Road,Named corridor,0.0001960285132382892
3980929748,271823416,Puma Road,Named corridor,0.0001960285132382892
5079795121,5079795134,Unnamed / Residential,Residual road group,0.00019093686354378818
5102675281,1951097074,N. Debrot Street,Named corridor,0.00019093686354378818
3674475089,1951097065,C.A. Cannegieter Street,Named corridor,0.00018839103869653767
5081882375,5103667447,Unnamed / Residential,Residual road group,0.00018329938900203666
1069034502,303248050,Jade Road,Named corridor,0.00018075356415478614
558702375,558702374,Booby Road,Named corridor,0.00017820773930753562
271976519,271976491,Melford Hazel Road,Named corridor,0.00017820773930753562
5082464650,303239525,Pear Road,Named corridor,0.00017820773930753562
1891813877,1891820221,C.A. Cannegieter Street,Named corridor,0.0001705702647657841
1947054193,271809230,D.C. Steeg,Named corridor,0.0001705702647657841
271809255,1891813872,Ruben Panto Straat,Named corridor,0.0001654786150712831
303242883,303242877,Buttercup Road,Named corridor,0.00016293279022403258
5081747598,5106579620,Unnamed / Residential,Residual road group,0.00016038696537678206
1584722491,1111794251,Low Estate,Named corridor,0.00016038696537678206
5081594427,303242643,Pigeon Pea Road,Named corridor,0.00015784114052953157
1111818725,1739739668,Belvedere Roundabout,Named corridor,0.00015529531568228105
271809278,279563168,Wintergreen Drive,Named corridor,0.00015274949083503054
303242294,303242333,Reward Road,Named corridor,0.00015274949083503054
303240134,303240135,Milton Peters Road,Named corridor,0.00015274949083503054
5108014130,5079795134,Unnamed / Residential,Residual road group,0.00015274949083503054
5079795134,5079795128,Unnamed / Residential,Residual road group,0.00015274949083503054
5079795134,5079795121,Unnamed / Residential,Residual road group,0.00015020366598778002
303238681,303238965,Lemon Road,Named corridor,0.00015020366598778002
303240033,303240489,Conner Road,Named corridor,0.00014765784114052953
3657930403,3704351470,Ginger Road,Named corridor,0.00014765784114052953
1973316147,1111818517,Happey Estate Road,Named corridor,0.00014765784114052953
1111818476,1111818506,Golden Grove Estate Road,Named corridor,0.00014765784114052953
303238856,303239074,Grapefruit Road,Named corridor,0.00014765784114052953
303243192,303243702,Carnation Road,Named corridor,0.000145112016293279
271823435,271823441,Lion Road,Named corridor,0.000145112016293279
4284366861,5106176814,Bern Drive,Named corridor,0.0001425661914460285
303239073,303239074,Passionfruit Road,Named corridor,0.0001425661914460285
303252843,558621716,Grounddove Road,Named corridor,0.0001425661914460285
303240150,303241406,Unnamed / Residential,Residual road group,0.0001425661914460285
4284362448,4284362433,Caracas Drive,Named corridor,0.0001425661914460285
303246921,303246919,Waterfront Road,Named corridor,0.0001374745417515275
5106176824,4284366863,Unnamed / Residential,Residual road group,0.0001374745417515275
303239074,303238856,Grapefruit Road,Named corridor,0.0001374745417515275
1947048679,271803047,C.A. Cannegieter Street,Named corridor,0.00013238289205702648
303240024,5109164370,Conner Road,Named corridor,0.00013238289205702648
2970143304,5111243519,Unnamed / Residential,Residual road group,0.00013238289205702648
271803027,271803050,Voges Straat,Named corridor,0.00012474541751527493
303238664,303238662,Watermelon Road,Named corridor,0.00012219959266802444
1795426206,303247128,Narrow Road,Named corridor,0.00012219959266802444
1795420996,303247400,Unnamed / Residential,Residual road group,0.00011965376782077392
12756495682,5106579620,Unnamed / Residential,Residual road group,0.00011965376782077392
1927155737,4283387758,Venus Drive,Named corridor,0.00011710794297352342
271803050,271803052,Voges Straat,Named corridor,0.00011710794297352342
303241086,303240963,Plantin Road,Named corridor,0.00011710794297352342
303240150,303241404,W.R. Plantz Road,Named corridor,0.0001145621181262729
1111818498,1111818468,Low Estate,Named corridor,0.0001145621181262729
303238856,303238857,Grapefruit Road,Named corridor,0.0001120162932790224
303240146,1111821484,Ebenezer Road,Named corridor,0.0001120162932790224
4283312641,3980929748,Bobcat Road,Named corridor,0.00010947046843177188
303247127,5298457700,Unnamed / Residential,Residual road group,0.00010692464358452138
303241406,303241441,Ebenezer Road,Named corridor,0.00010692464358452138
303247128,1795426206,Narrow Road,Named corridor,0.00010692464358452138
303240241,303240269,Lionel Alexander Richardson Road,Named corridor,0.00010183299389002036
1927340415,1927340414,Daisy Road,Named corridor,9.164969450101833e-05
303239074,303239073,Passionfruit Road,Named corridor,9.164969450101833e-05
558621716,303252843,Grounddove Road,Named corridor,9.164969450101833e-05
303241108,5082464626,Radish Road,Named corridor,8.910386965376781e-05
303238857,303238856,Grapefruit Road,Named corridor,8.655804480651731e-05
303240147,303240270,Jose Lake Sr Road,Named corridor,8.401221995926679e-05
271976527,2669989101,Unresolved multi-name edge,Residual road group,8.146639511201629e-05
271823431,271823368,Lion Road,Named corridor,7.892057026476578e-05
1927155379,4283387764,Unnamed / Residential,Residual road group,7.892057026476578e-05
303240024,303240489,Conner Road,Named corridor,7.892057026476578e-05
303252843,558702374,Goldfinch Road,Named corridor,7.637474541751527e-05
5105271270,5105271267,Hodge Lane,Named corridor,7.382892057026476e-05
303248106,3704237221,Opal Road,Named corridor,7.382892057026476e-05
303239069,303239073,Passionfruit Road,Named corridor,7.382892057026476e-05
5106579620,12756495682,Unnamed / Residential,Residual road group,7.382892057026476e-05
303246931,303246917,Windward Street,Named corridor,7.128309572301425e-05
303253578,303253794,Thrush Road,Named corridor,7.128309572301425e-05
303241441,303241440,Ebenezer Road,Named corridor,7.128309572301425e-05
271976491,1795530479,Melford Hazel Road,Named corridor,7.128309572301425e-05
303246930,303246916,Wyoming Street,Named corridor,7.128309572301425e-05
303246919,303246918,Waterfront Road,Named corridor,6.873727087576374e-05
303241090,303241108,Radish Road,Named corridor,6.873727087576374e-05
1840737699,303245708,Jumping Cholla Cactus Road,Named corridor,6.619144602851324e-05
558702374,558702375,Booby Road,Named corridor,6.619144602851324e-05
1947680274,1947680272,Front Street,Named corridor,6.619144602851324e-05
1927155469,1927155411,Passion Flower Road,Named corridor,6.619144602851324e-05
1111818468,1584722491,Low Estate,Named corridor,6.619144602851324e-05
303240965,5081832628,Carrot Road,Named corridor,6.619144602851324e-05
5106579620,5081747598,Unnamed / Residential,Residual road group,6.364562118126272e-05
272111734,272111708,Unnamed / Residential,Residual road group,6.109979633401222e-05
1927340461,1840734742,E. Camille Richardson Street,Named corridor,6.109979633401222e-05
303247128,303247127,Narrow Road,Named corridor,5.855397148676171e-05
303240459,303240191,John Larmonie Road,Named corridor,5.60081466395112e-05
5105967519,9316551307,Unnamed / Residential,Residual road group,5.60081466395112e-05
303238857,303238800,Strawberry Road,Named corridor,5.346232179226069e-05
1795426206,5298457701,Narrow Road,Named corridor,5.346232179226069e-05
3704237221,303247947,Opal Road,Named corridor,5.346232179226069e-05
1111818528,1111818525,Unnamed / Residential,Residual road group,5.091649694501018e-05
303253794,303253578,Thrush Road,Named corridor,5.091649694501018e-05
303248050,1069034502,Jade Road,Named corridor,5.091649694501018e-05
1947048679,1891818535,C.A. Cannegieter Street,Named corridor,5.091649694501018e-05
1111794251,1111818749,Golden Grove Estate Road,Named corridor,5.091649694501018e-05
9316551307,5105967518,Indigo Bay Boulevard,Named corridor,5.091649694501018e-05
303240269,303240270,Lionel Alexander Richardson Road,Named corridor,5.091649694501018e-05
5082464626,303241108,Radish Road,Named corridor,4.837067209775967e-05
1795530479,5105819319,Melford Hazel Road,Named corridor,4.5824847250509165e-05
1891820221,271807661,C.A. Cannegieter Street,Named corridor,4.5824847250509165e-05
303240489,303240033,Conner Road,Named corridor,4.5824847250509165e-05
9316551315,4283387694,Indigo Bay Boulevard,Named corridor,4.5824847250509165e-05
303238664,303238978,Soursap Road,Named corridor,4.3279022403258654e-05
271823401,271823400,Cougar Road,Named corridor,4.3279022403258654e-05
5106579620,12925499616,Unnamed / Residential,Residual road group,4.3279022403258654e-05
303247947,303247939,Opal Road,Named corridor,4.3279022403258654e-05
272111715,272111712,Simpson Bay Road,Named corridor,4.0733197556008144e-05
303238662,303238980,Genip Road,Named corridor,4.0733197556008144e-05
303238662,1946850257,Watermelon Road,Named corridor,4.0733197556008144e-05
303241050,303240965,Carrot Road,Named corridor,4.0733197556008144e-05
303240269,303240241,Lionel Alexander Richardson Road,Named corridor,3.8187372708757634e-05
303245708,1840737699,Jumping Cholla Cactus Road,Named corridor,3.8187372708757634e-05
4283387694,5081901323,Cay Bay Road,Named corridor,3.5641547861507124e-05
303238800,303238857,Strawberry Road,Named corridor,3.5641547861507124e-05
271976577,1795515894,Limpet Road,Named corridor,3.5641547861507124e-05
303241440,303241439,Ebenezer Road,Named corridor,3.5641547861507124e-05
1791645405,7507322926,The Keys Road,Named corridor,3.054989816700611e-05
303239028,303239057,Sugarapple Road,Named corridor,3.054989816700611e-05
303244716,5106558290,Monrovia Road,Named corridor,3.054989816700611e-05
303240191,303240190,W.B. Petersen Road,Named corridor,3.054989816700611e-05
5107695012,1973316147,Unresolved multi-name edge,Residual road group,3.054989816700611e-05
303238794,1946850254,Raspberry Road,Named corridor,2.80040733197556e-05
1946850254,303238660,Watermelon Road,Named corridor,2.545824847250509e-05
1795515894,1795516018,Limpet Road,Named corridor,2.545824847250509e-05
272111715,3658023354,Simpson Bay Road,Named corridor,2.545824847250509e-05
303240269,303240148,R.S. Nicholson Road,Named corridor,2.545824847250509e-05
5079795134,5108014130,Unnamed / Residential,Residual road group,2.545824847250509e-05
303253298,303252854,Pigeon Road,Named corridor,2.545824847250509e-05
5109558952,5651208579,The Hope Estate Road,Named corridor,2.545824847250509e-05
303240270,303240147,Jose Lake Sr Road,Named corridor,2.545824847250509e-05
303241083,303241050,Tomato Road,Named corridor,2.545824847250509e-05
303242643,5081594427,Pigeon Pea Road,Named corridor,2.545824847250509e-05
303240150,303240149,Ebenezer Road,Named corridor,2.545824847250509e-05
1795509355,1795509309,Rice Hill,Named corridor,2.2912423625254582e-05
303240143,303240528,W.F.M. Lampe Road,Named corridor,2.2912423625254582e-05
303238660,303238661,Watermelon Road,Named corridor,2.2912423625254582e-05
271823400,271823392,Welegen Lane,Named corridor,2.2912423625254582e-05
303240965,303241050,Carrot Road,Named corridor,2.2912423625254582e-05
303239073,303239075,Cantalope Road,Named corridor,2.2912423625254582e-05
7507322926,1791645405,The Keys Road,Named corridor,2.2912423625254582e-05
303247939,303247941,Opal Road,Named corridor,2.2912423625254582e-05
303239073,303239069,Passionfruit Road,Named corridor,2.2912423625254582e-05
271803539,271803847,Fan Coral Road,Named corridor,2.0366598778004072e-05
271803847,271803539,Fan Coral Road,Named corridor,2.0366598778004072e-05
7507322926,303245875,The Keys Road,Named corridor,2.0366598778004072e-05
303244641,303244639,Unnamed / Residential,Residual road group,2.0366598778004072e-05
5105819319,271976401,Melford Hazel Road,Named corridor,2.0366598778004072e-05
303247941,3703336813,Billy Folly Road,Named corridor,2.0366598778004072e-05
1033360094,1033359629,Airport Roundabout,Named corridor,2.0366598778004072e-05
4283387764,4283387767,Windsor Road,Named corridor,2.0366598778004072e-05
5126046812,5126046725,Calabash Road,Named corridor,1.7820773930753562e-05
303242318,303242294,Reward Road,Named corridor,1.7820773930753562e-05
1584722491,1111818754,Villa Road,Named corridor,1.7820773930753562e-05
4284362433,4284362448,Caracas Drive,Named corridor,1.7820773930753562e-05
303247376,303247374,Port de Plaisance Drive,Named corridor,1.5274949083503055e-05
3658023354,1794953143,Simpson Bay Road,Named corridor,1.5274949083503055e-05
4282751601,5107885218,Unnamed / Residential,Residual road group,1.5274949083503055e-05
303239057,303239058,Pomserette Road,Named corridor,1.5274949083503055e-05
303247634,303247383,Country Club Drive,Named corridor,1.5274949083503055e-05
303240241,303240135,Johannes C. Paap Road,Named corridor,1.5274949083503055e-05
5081901323,5105967514,Cay Bay Road,Named corridor,1.5274949083503055e-05
303242294,303242318,Reward Road,Named corridor,1.5274949083503055e-05
303238815,303238660,Tangerine Road,Named corridor,1.5274949083503055e-05
303238971,303238664,Soursap Road,Named corridor,1.5274949083503055e-05
303238856,303239060,Sugarapple Road,Named corridor,1.5274949083503055e-05
5126046725,5126046812,Calabash Road,Named corridor,1.5274949083503055e-05
1111818754,1111765259,Villa Road,Named corridor,1.5274949083503055e-05
303241050,303241083,Tomato Road,Named corridor,1.2729124236252545e-05
303254010,303253298,Peacock Road,Named corridor,1.2729124236252545e-05
1111765259,1109448630,Belvederd Estate Road,Named corridor,1.2729124236252545e-05
303247374,303247373,Port de Plaisance Drive,Named corridor,1.0183299389002036e-05
303247373,13395914858,Port de Plaisance Drive,Named corridor,1.0183299389002036e-05
271803847,271803846,Sea Urchin Road,Named corridor,1.0183299389002036e-05
271803526,271803514,Fan Coral Road,Named corridor,1.0183299389002036e-05
4284362433,4284362427,Caracas Drive,Named corridor,1.0183299389002036e-05
303247349,2535460893,Unnamed / Unclassified,Residual road group,1.0183299389002036e-05
1951097074,5102675281,N. Debrot Street,Named corridor,1.0183299389002036e-05
3975798066,3975815368,L. van Beethoven Road,Named corridor,1.0183299389002036e-05
1951097065,1891818535,C.A. Cannegieter Street,Named corridor,1.0183299389002036e-05
5106558290,4283271698,Monrovia Road,Named corridor,1.0183299389002036e-05
303245875,1791649375,King of the Sea Road,Named corridor,1.0183299389002036e-05
3658399360,3658399359,Unnamed / Residential,Residual road group,1.0183299389002036e-05
303240489,303240528,Lionel Alexander Richardson Road,Named corridor,1.0183299389002036e-05
5126046812,4283373879,Calabash Road,Named corridor,1.0183299389002036e-05
5105967735,5105967734,Unnamed / Residential,Residual road group,1.0183299389002036e-05
303239074,303238855,Grapefruit Road,Named corridor,1.0183299389002036e-05
272111019,271993258,Kangaroo Road,Named corridor,1.0183299389002036e-05
303239057,303239116,Sugarapple Road,Named corridor,1.0183299389002036e-05
303240190,303240136,W.B. Petersen Road,Named corridor,7.637474541751527e-06
303244645,303244646,Ch. Maccow Road,Named corridor,7.637474541751527e-06
1946850257,303238662,Watermelon Road,Named corridor,7.637474541751527e-06
558702374,303253109,Goldfinch Road,Named corridor,7.637474541751527e-06
271803847,271803526,Fan Coral Road,Named corridor,7.637474541751527e-06
303240528,303240457,Lionel Alexander Richardson Road,Named corridor,7.637474541751527e-06
271807661,1891820221,C.A. Cannegieter Street,Named corridor,7.637474541751527e-06
303240135,303240134,Milton Peters Road,Named corridor,7.637474541751527e-06
5105844548,5105844547,Unnamed / Residential,Residual road group,7.637474541751527e-06
303239069,303239304,Blueberry Drive,Named corridor,7.637474541751527e-06
303238682,303238683,Tangerine Road,Named corridor,7.637474541751527e-06
303239075,303239076,Cantalope Road,Named corridor,7.637474541751527e-06
5101855224,5101855231,Celsius Road,Named corridor,5.091649694501018e-06
5081629625,5105844552,Unnamed / Residential,Residual road group,5.091649694501018e-06
303246917,303246918,Waterfront Road,Named corridor,5.091649694501018e-06
3656813314,3656813311,Hedge Hog Cactus Road,Named corridor,5.091649694501018e-06
3704237221,303248106,Opal Road,Named corridor,5.091649694501018e-06
5105832762,303247295,Calabash Road,Named corridor,5.091649694501018e-06
1868688325,1795426208,Marianne Estate Drive,Named corridor,5.091649694501018e-06
303238978,1760740328,Saint Peters Road,Named corridor,5.091649694501018e-06
303239116,1946846659,Avocado Road,Named corridor,5.091649694501018e-06
271823368,271823370,Impalla Road,Named corridor,5.091649694501018e-06
5107885218,1790168112,Unnamed / Residential,Residual road group,5.091649694501018e-06
13395914858,303247387,Unnamed / Unclassified,Residual road group,5.091649694501018e-06
303252854,558702377,Goldfinch Road,Named corridor,5.091649694501018e-06
5118264318,5118264320,Unnamed / Residential,Residual road group,5.091649694501018e-06
1951097074,271807492,N. Debrot Street,Named corridor,5.091649694501018e-06
5118264320,5118264318,Unnamed / Residential,Residual road group,5.091649694501018e-06
272111681,272111675,Fr. Barbanson Road,Named corridor,5.091649694501018e-06
303238662,303238664,Watermelon Road,Named corridor,5.091649694501018e-06
271803530,271803507,Beach Comber Drive,Named corridor,5.091649694501018e-06
271823411,271823429,Jaguar Road,Named corridor,5.091649694501018e-06
303239160,303239057,Pomserette Road,Named corridor,2.545824847250509e-06
303246918,303246919,Waterfront Road,Named corridor,2.545824847250509e-06
1111818749,1109448575,Sugar Mill Estate Road,Named corridor,2.545824847250509e-06
5091337649,271809288,Long Wall Road,Named corridor,2.545824847250509e-06
303238664,303239170,Watermelon Road,Named corridor,2.545824847250509e-06
1111818525,1111818562,Annas Hoop Estate Road,Named corridor,2.545824847250509e-06
1639802175,4284485730,Crocus Road,Named corridor,2.545824847250509e-06
303239060,303239061,Lime Road,Named corridor,2.545824847250509e-06
303247373,303247383,Country Club Drive,Named corridor,2.545824847250509e-06
303247374,9480372088,Unnamed / Unclassified,Residual road group,2.545824847250509e-06
303238968,303239028,Saint Peters Road,Named corridor,2.545824847250509e-06
271823429,271823441,Hyena Road,Named corridor,2.545824847250509e-06
303252854,303253298,Pigeon Road,Named corridor,2.545824847250509e-06
5116691676,303253587,Mountaindove Road,Named corridor,2.545824847250509e-06
5082413267,4284327745,Sofia Drive,Named corridor,0.0
4284362433,4284362424,Caracas Drive,Named corridor,0.0
4284328373,4329433717,Cairo Drive,Named corridor,0.0
4284425980,4284425952,Unnamed / Residential,Residual road group,0.0
5105707323,4284362455,Madrid Road,Named corridor,0.0
4284362424,4284362433,Caracas Drive,Named corridor,0.0
4284328375,4284328373,Unnamed / Residential,Residual road group,0.0
4284328373,5081123794,Cairo Drive,Named corridor,0.0
5116080465,4284327744,Berlin Drive,Named corridor,0.0
8846375285,271824206,Romeo's Drive,Named corridor,0.0
4284401946,271824207,Unnamed / Residential,Residual road group,0.0
3657008615,271824212,Madrid Road,Named corridor,0.0
3657008834,271824215,St Johns Drive,Named corridor,0.0
4284327638,271824217,Tortola Drive,Named corridor,0.0
303239077,303239304,Unresolved multi-name edge,Residual road group,0.0
5079920000,4284485705,Gazelle Drive,Named corridor,0.0
5081123794,4284328375,Unnamed / Residential,Residual road group,0.0
5081123794,4284328373,Cairo Drive,Named corridor,0.0
5082084168,4284328374,Unnamed / Residential,Residual road group,0.0
303239908,303239908,Stiltwalker Drive,Named corridor,0.0
4284362455,5106084650,Madrid Road,Named corridor,0.0
5081905357,4284485480,Nutmeg Drive,Named corridor,0.0
303239908,303239887,Stiltwalker Drive,Named corridor,0.0
303239911,303239911,Ponnum Drive,Named corridor,0.0
303239913,303239913,Independence Drive,Named corridor,0.0
5081905521,4284485479,Balsam Drive,Named corridor,0.0
303239913,1840729280,Independence Drive,Named corridor,0.0
4284327711,4284327710,Unnamed / Residential,Residual road group,0.0
4284327717,4284327710,Brown Drive,Named corridor,0.0
4284327725,4284327719,Mustique Island Road,Named corridor,0.0
5128327743,4284453027,Begonia Drive,Named corridor,0.0
5128327735,4284453027,Begonia Drive,Named corridor,0.0
4284485729,4284485698,Clover Drive,Named corridor,0.0
4283266865,1760249474,Mozart Road,Named corridor,0.0
5105897027,1760729802,Skyline Drive,Named corridor,0.0
1760740317,1760740328,Unnamed / Residential,Residual road group,0.0
4284401600,4284398485,Saba Road,Named corridor,0.0
5106516493,4284401599,Unnamed / Residential,Residual road group,0.0
4284401646,4284401626,Castries Drive,Named corridor,0.0
4284401642,4284401658,Mayaguana Drive,Named corridor,0.0
4284401681,4284401672,Port of Spain Drive,Named corridor,0.0
4284401673,4284401900,Unnamed / Residential,Residual road group,0.0
303239057,303239160,Pomserette Road,Named corridor,0.0
303239539,303239177,Peach Road,Named corridor,0.0
7282977487,4284401679,Middle Region Road,Named corridor,0.0
5080502728,4284401681,Port of Spain Drive,Named corridor,0.0
303239177,303239539,Peach Road,Named corridor,0.0
5113888360,303238857,Unnamed / Residential,Residual road group,0.0
4284366863,4284366861,Milton's Drive,Named corridor,0.0
4284366863,5106176824,Unnamed / Residential,Residual road group,0.0
5105271247,4284366861,Unnamed / Residential,Residual road group,0.0
5081179380,4284366863,Milton's Drive,Named corridor,0.0
5081517606,303239084,Unnamed / Residential,Residual road group,0.0
6693516599,4284366872,Unnamed / Residential,Residual road group,0.0
4284398475,5113328869,Unnamed / Residential,Residual road group,0.0
4284362599,4284362594,Unnamed / Residential,Residual road group,0.0
5105174593,4284398485,Unresolved multi-name edge,Residual road group,0.0
4284362488,4284362483,Unnamed / Residential,Residual road group,0.0
4284362595,4284362482,Unnamed / Residential,Residual road group,0.0
4284362478,12648620831,Philipine Drive,Named corridor,0.0
303239304,303239077,Unresolved multi-name edge,Residual road group,0.0
4284362486,4284362474,Unnamed / Residential,Residual road group,0.0
5106110756,4284362600,Unnamed / Residential,Residual road group,0.0
4983625022,4983625021,Queens Palm Drive,Named corridor,0.0
12747121527,4284362455,Unnamed / Residential,Residual road group,0.0
1111847295,303239075,Kiwi Drive,Named corridor,0.0
279561403,279561553,Fort Willem Drive,Named corridor,0.0
5097820165,5097820166,Unresolved multi-name edge,Residual road group,0.0
7507271240,1753978285,Sun Cactus Drive,Named corridor,0.0
271803526,271803530,Staghorn Coral Road,Named corridor,0.0
4723309835,4723309836,Daffodil Drive,Named corridor,0.0
4284485857,4284485848,Killebarn Drive,Named corridor,0.0
271803526,271803847,Fan Coral Road,Named corridor,0.0
4284362423,4284362426,North Spring Drive,Named corridor,0.0
5081647912,4284485847,Catapult Drive,Named corridor,0.0
5106754736,4284485837,Dollison's Drive,Named corridor,0.0
1760740317,1946850254,Unresolved multi-name edge,Residual road group,0.0
271803514,271803526,Fan Coral Road,Named corridor,0.0
1790168112,1790168118,Thames Road,Named corridor,0.0
1790168112,1790168109,Thames Road,Named corridor,0.0
4284485843,4284485837,Unnamed / Residential,Residual road group,0.0
4284485837,4284485827,Dollison's Drive,Named corridor,0.0
5107885218,4282751601,Unnamed / Residential,Residual road group,0.0
4284485806,4284485794,Goglet Drive,Named corridor,0.0
303239062,303239069,Blueberry Drive,Named corridor,0.0
1947680296,271809226,Kanaal Steeg,Named corridor,0.0
1891813872,271809255,Ruben Panto Straat,Named corridor,0.0
3921197998,1795530479,Tamarind Hill Road,Named corridor,0.0
271803507,271803502,Beacon Hill Road,Named corridor,0.0
303239116,303239118,Sugarapple Road,Named corridor,0.0
271803507,271803530,Beach Comber Drive,Named corridor,0.0
271803514,271803507,Beacon Hill Road,Named corridor,0.0
1760740345,1946850598,Mango Road,Named corridor,0.0
5111075662,4283415851,Unnamed / Residential,Residual road group,0.0
5111075662,4283415847,Pendant Cactus Road,Named corridor,0.0
4283415847,5322410660,Unnamed / Residential,Residual road group,0.0
4283415847,4283415851,Pendant Cactus Road,Named corridor,0.0
5651261036,4283387767,Unnamed / Living Street,Residual road group,0.0
5092806102,4283387759,Guitar Drive,Named corridor,0.0
303240997,1840729296,Carrot Road,Named corridor,0.0
303239107,303238856,Sugarapple Road,Named corridor,0.0
5101855235,4283373871,Unnamed / Residential,Residual road group,0.0
5119429519,4283348343,Archimedes Street,Named corridor,0.0
4283348344,4283348351,Unnamed / Residential,Residual road group,0.0
4283348338,4283348344,Shak Shak Tree Drive,Named corridor,0.0
4983625053,4283348315,Smoke Tree Drive,Named corridor,0.0
303241435,303241434,Ebenezer Road,Named corridor,0.0
303241441,303241434,Thomas Aertsen Road,Named corridor,0.0
303241441,303241406,Ebenezer Road,Named corridor,0.0
303240997,303240998,Carrot Road,Named corridor,0.0
5091337649,1891813867,Long Wall Road,Named corridor,0.0
5105967734,5105967735,Unnamed / Residential,Residual road group,0.0
4283387694,9316551300,Unnamed / Residential,Residual road group,0.0
5108128441,1497258980,Emerald Merit Road,Named corridor,0.0
1790168118,1790168112,Thames Road,Named corridor,0.0
1111844953,1111844952,The Ranch Drive,Named corridor,0.0
1111821488,1111821486,Pieter Hassel Road,Named corridor,0.0
1111821489,1111821486,Pieter Hassel Road,Named corridor,0.0
4284327591,4284327623,St James Estate Road,Named corridor,0.0
4283387745,4283387739,Unnamed / Residential,Residual road group,0.0
5105967514,4283387735,Ocean Drive,Named corridor,0.0
5113124681,271824196,Unnamed / Residential,Residual road group,0.0
5113124681,5082484557,Unnamed / Residential,Residual road group,0.0
6693516594,271824196,Unnamed / Residential,Residual road group,0.0
5106587171,271824187,Unnamed / Residential,Residual road group,0.0
5105967734,4283387704,Lakeside Drive,Named corridor,0.0
4284327623,4284327639,St James Road,Named corridor,0.0
4283387753,4283387758,Windsor Road,Named corridor,0.0
4283199033,4283199039,Unresolved multi-name edge,Residual road group,0.0
5109600298,4283126300,Unnamed / Residential,Residual road group,0.0
12174962904,4283105690,Wavy Clam Road,Named corridor,0.0
5319294479,4283103454,Unnamed / Residential,Residual road group,0.0
5081454518,4283103412,Guana Bay Drive,Named corridor,0.0
303241440,303241435,J. Salomon Gibbes Road,Named corridor,0.0
303241440,303241441,Ebenezer Road,Named corridor,0.0
303241436,303241435,Ebenezer Road,Named corridor,0.0
303241434,303241405,Ebenezer Road,Named corridor,0.0
4283281287,4283283789,Unnamed / Residential,Residual road group,0.0
4283281268,4283281287,Unnamed / Residential,Residual road group,0.0
4283271730,5106558290,Monrovia Road,Named corridor,0.0
4283271724,5118025428,Unnamed / Residential,Residual road group,0.0
303242283,1918736295,Reward Road,Named corridor,0.0
303290919,303242333,Unnamed / Residential,Residual road group,0.0
303242217,303290919,Unnamed / Residential,Residual road group,0.0
5111069280,303241483,Unnamed / Residential,Residual road group,0.0
12648620844,4283281282,Unnamed / Residential,Residual road group,0.0
303241405,303241404,Ebenezer Road,Named corridor,0.0
5109211106,1840738793,Carved Star Shell Road,Named corridor,0.0
3656982143,1840737733,Eleuthera Drive,Named corridor,0.0
3456889794,1840737682,Unnamed / Residential,Residual road group,0.0
9316551307,5105967519,Unnamed / Residential,Residual road group,0.0
12009652536,4283387693,Unnamed / Residential,Residual road group,0.0
5109950725,4283376120,Mountain Ebony Road,Named corridor,0.0
4283376120,5105832763,Mountain Ebony Road,Named corridor,0.0
5105823081,4283212568,Unnamed / Residential,Residual road group,0.0
279563168,5081102791,Thyme Drive,Named corridor,0.0
279563168,271809278,Wintergreen Drive,Named corridor,0.0
1927155369,1639802172,Unnamed / Residential,Residual road group,0.0
271803027,5102708801,Emmaplein,Named corridor,0.0
5081936255,271802984,Madame Estate Road,Named corridor,0.0
1868688322,1868688321,Gum Tree Drive,Named corridor,0.0
5081070493,4283266865,Unnamed / Residential,Residual road group,0.0
5080854242,4283266865,Mozart Road,Named corridor,0.0
4283376101,4283376120,Dombey Tree Drive,Named corridor,0.0
4284327662,4284327691,Ols Man Cactus Road,Named corridor,0.0
5102675281,3674475089,Market Street,Named corridor,0.0
5102675281,1840734742,N. Debrot Street,Named corridor,0.0
5105174613,1639802302,Bryson's Drive,Named corridor,0.0
4284398485,1639802246,Saba Road,Named corridor,0.0
2669896902,1639802195,Unnamed / Residential,Residual road group,0.0
5105834361,5105862510,Unnamed / Residential,Residual road group,0.0
303240136,1840729294,W.B. Petersen Road,Named corridor,0.0
5110714058,1111818592,Delight Estate Road,Named corridor,0.0
303240135,303240136,Milton Peters Road,Named corridor,0.0
303240134,3709237697,W.R. Plantz Road,Named corridor,0.0
6695229429,4284327643,Unnamed / Residential,Residual road group,0.0
4284327710,5106144237,Brown Drive,Named corridor,0.0
5110653793,4284327689,Unnamed / Residential,Residual road group,0.0
5106144240,4284327680,Unnamed / Residential,Residual road group,0.0
5107286877,4284327662,Old Man Cactus Road,Named corridor,0.0
5107678713,4284327643,Defiance Road,Named corridor,0.0
303241404,303240134,W.R. Plantz Road,Named corridor,0.0
303240024,303240021,Louis Hazel Road,Named corridor,0.0
1795530477,5105900094,Clam Shell Drive,Named corridor,0.0
5105900094,1795530427,Clam Shell Drive,Named corridor,0.0
1795530464,1795530427,Escargot Drive,Named corridor,0.0
4283126300,1795520090,Surf Clam Road,Named corridor,0.0
5108089364,1795516010,Wentel Drive,Named corridor,0.0
1840729284,303239887,St John's Estate Road,Named corridor,0.0
303239887,1840729282,St John's Estate Road,Named corridor,0.0
4284327643,5107794662,Defiance Road,Named corridor,0.0
2146379904,1639802185,Tassel Road,Named corridor,0.0
271804508,271804495,White Sands Road,Named corridor,0.0
1874920957,271804495,Unnamed / Residential,Residual road group,0.0
271804495,5107067184,White Sands Road,Named corridor,0.0
5097778760,1640060651,Tigiris Road,Named corridor,0.0
2670042478,1640060651,Tigiris Drive,Named corridor,0.0
1640060651,5097820165,Tigiris Road,Named corridor,0.0
1792968573,5097820166,Jordan Road,Named corridor,0.0
303242318,303239712,Cherrynut Road,Named corridor,0.0
271804147,271804147,Beacon Hill Road,Named corridor,0.0
4284327644,4284327642,Cerus Cactus Drive,Named corridor,0.0
4284327642,4284327662,Old Man Cactus Road,Named corridor,0.0
272111717,250656186,Simpson Bay Road,Named corridor,0.0
1792968573,1640060573,Jordan Road,Named corridor,0.0
5106084650,1639802346,Madrid Road,Named corridor,0.0
1946846041,1840729286,Cupper Drive,Named corridor,0.0
1927155540,1927155540,Maubay Drive,Named corridor,0.0
1111821484,303240145,Ebenezer Road,Named corridor,0.0
1927155453,1840729284,St John's Estate Road,Named corridor,0.0
271804512,271803838,White Sands Drive,Named corridor,0.0
1111821486,1111821484,J. Barry Road,Named corridor,0.0
1739739668,1739739666,Golden Grove Estate Road,Named corridor,0.0
1111818730,1111818633,Rockland Estate Road,Named corridor,0.0
1111818645,1111818630,Delight Estate Road,Named corridor,0.0
1111818630,1973316144,Delight Estate Road,Named corridor,0.0
5110714058,1111818645,Freeland Estate Road,Named corridor,0.0
1927155540,1840729284,Maubay Drive,Named corridor,0.0
303240528,303240143,W.F.M. Lampe Road,Named corridor,0.0
303240147,303240146,Ebenezer Road,Named corridor,0.0
303240191,303240459,John Larmonie Road,Named corridor,0.0
303240146,303240191,W.B. Petersen Road,Named corridor,0.0
4284327637,4284327642,Old Man Cactus Road,Named corridor,0.0
5082026111,4284327623,Unresolved multi-name edge,Residual road group,0.0
6695229450,4284327620,Unnamed / Residential,Residual road group,0.0
4284327620,4284327680,Margaret Bruces's Drive,Named corridor,0.0
271804147,271803514,Beacon Hill Road,Named corridor,0.0
250656186,272111717,Simpson Bay Road,Named corridor,0.0
303241406,303240150,Unnamed / Residential,Residual road group,0.0
303241406,303241405,Deidrick Mathew Road,Named corridor,0.0
303240149,303240148,Ebenezer Road,Named corridor,0.0
303240149,303240241,Johannes C. Paap Road,Named corridor,0.0
303240270,303240190,Lionel Alexander Richardson Road,Named corridor,0.0
303240148,303240269,R.S. Nicholson Road,Named corridor,0.0
303240148,303240147,Ebenezer Road,Named corridor,0.0
4284327612,4284327620,Margaret Bruces's Drive,Named corridor,0.0
13206464869,13206464868,Unnamed / Residential,Residual road group,0.0
13206464869,10043560157,Unnamed / Residential,Residual road group,0.0
12756495700,7514153253,Unnamed / Residential,Residual road group,0.0
7514153254,7514153252,Umbrella Cactus Road,Named corridor,0.0
1791624400,272111711,Vlaun's Drive,Named corridor,0.0
5107203669,272111694,Simpson Bay Road,Named corridor,0.0
5102796576,5102796571,Unnamed / Residential,Residual road group,0.0
4283283789,303241487,Mildrum Road,Named corridor,0.0
5101855231,5101855225,Unresolved multi-name edge,Residual road group,0.0
5101855231,5101855224,Celsius Road,Named corridor,0.0
5101855231,5101855230,Marconi Road,Named corridor,0.0
5119424572,5101854019,Unnamed / Residential,Residual road group,0.0
6693549245,5102848197,Opuntia Cactus Road,Named corridor,0.0
5102796580,5102796571,Unnamed / Residential,Residual road group,0.0
5098348157,278328983,Rhine Road,Named corridor,0.0
1790122815,1319008785,Rhine Road,Named corridor,0.0
5102796571,5105875713,Unnamed / Residential,Residual road group,0.0
5105851869,5107184558,Unnamed / Residential,Residual road group,0.0
5105844546,5105844547,Unnamed / Residential,Residual road group,0.0
5105839631,5105839629,Unnamed / Residential,Residual road group,0.0
5105862510,5105834361,Unnamed / Residential,Residual road group,0.0
5105862510,5113997839,Unnamed / Residential,Residual road group,0.0
7511316592,7511316587,Unnamed / Residential,Residual road group,0.0
5105876935,5105876923,Unnamed / Residential,Residual road group,0.0
11770931054,11770931060,Unnamed / Residential,Residual road group,0.0
5105876939,5105876935,Unnamed / Residential,Residual road group,0.0
5105876939,5105876921,Unnamed / Residential,Residual road group,0.0
5105875720,5105875713,Unnamed / Residential,Residual road group,0.0
5112973760,5105872954,Unnamed / Residential,Residual road group,0.0
5120268152,5105872954,Unnamed / Residential,Residual road group,0.0
1795427879,1795427878,Coconut Palm Drive,Named corridor,0.0
12459569230,12459569246,Unnamed / Residential,Residual road group,0.0
11827164754,11827164756,Unnamed / Residential,Residual road group,0.0
5105876923,5105876921,Unnamed / Residential,Residual road group,0.0
5119570485,5091285963,Unnamed / Residential,Residual road group,0.0
2970143291,250656108,Oak Tree Road,Named corridor,0.0
1790488003,250656105,Bill Bill Drive,Named corridor,0.0
12459569246,250656101,Manjack Drive,Named corridor,0.0
5086471492,5105805994,Unnamed / Residential,Residual road group,0.0
5083871285,5097778760,Tigiris Road,Named corridor,0.0
279563149,279563147,Blyden's Drive,Named corridor,0.0
278328983,1790122815,Rhine Road,Named corridor,0.0
5097820166,278331976,Unresolved multi-name edge,Residual road group,0.0
5097820166,1792968573,Jordan Road,Named corridor,0.0
1703120332,278331968,Rhine Road,Named corridor,0.0
278331976,5098348157,Rhine Road,Named corridor,0.0
1640060573,278331968,Jordan Road,Named corridor,0.0
278331968,278331976,Rhine Road,Named corridor,0.0
5092713943,5092713942,Clarinet Drive,Named corridor,0.0
5319258091,5091337649,F. Hughes Road,Named corridor,0.0
279561671,5091285968,Fort Hill Road,Named corridor,0.0
5122828188,272111918,Sr. Patientia Road,Named corridor,0.0
1793043930,272111715,Peterson's Drive,Named corridor,0.0
5115324009,5103937178,Unnamed / Residential,Residual road group,0.0
5103937180,5103937178,Unnamed / Residential,Residual road group,0.0
5103937169,5103937163,Unnamed / Residential,Residual road group,0.0
6695328674,5103937163,Unnamed / Residential,Residual road group,0.0
5103937161,12925499612,Vine Cactus Drive,Named corridor,0.0
5106579605,5103667447,Mathew's Lane,Named corridor,0.0
5105174601,5105174602,Blanquilla Drive,Named corridor,0.0
5103489292,5327905183,Grenada Road,Named corridor,0.0
6695229434,5105795751,Unresolved multi-name edge,Residual road group,0.0
5105795754,5105795751,Unnamed / Residential,Residual road group,0.0
5106278572,5105707323,Unnamed / Residential,Residual road group,0.0
5106084657,5105707323,Madrid Road,Named corridor,0.0
5105705507,5105705504,Richardson Drive,Named corridor,0.0
5105271292,5106176825,Zorg en Rust Road,Named corridor,0.0
5105174603,5105174611,Bridgetown Drive,Named corridor,0.0
5105862513,5103638596,Unnamed / Residential,Residual road group,0.0
5107794663,5107794662,Grand Caicos Drive,Named corridor,0.0
5116288834,5107794655,Unnamed / Residential,Residual road group,0.0
5107794661,5107794655,Inagua Island Drive,Named corridor,0.0
5115113401,5115113398,Unnamed / Residential,Residual road group,0.0
13076637178,13076637177,Unnamed / Unclassified,Residual road group,0.0
12741558231,12741558235,Unnamed / Residential,Residual road group,0.0
12741558227,12741558230,Unnamed / Residential,Residual road group,0.0
5105862511,5105862510,Unnamed / Residential,Residual road group,0.0
5319009556,5100669093,Teak Tree Drive,Named corridor,0.0
12648583080,12648583079,Unnamed / Residential,Residual road group,0.0
12648583081,12648583064,Paramaribo Drive,Named corridor,0.0
5116078340,5116691676,Unnamed / Residential,Residual road group,0.0
1791649407,1791649374,Duke Drive,Named corridor,0.0
7503354099,1791649355,Hispaniola Road,Named corridor,0.0
1795509353,1795509316,Rice Hill Estate Drive,Named corridor,0.0
1795509309,1973313626,Rice Hill,Named corridor,0.0
5115113376,5115113373,Unnamed / Residential,Residual road group,0.0
5105967728,5105967519,Unnamed / Residential,Residual road group,0.0
5105967518,5105967741,Indigo Bay Boulevard,Named corridor,0.0
5115201048,5105967514,Cay Bay Road,Named corridor,0.0
5105941199,5113124681,Unnamed / Residential,Residual road group,0.0
5105924016,5105924015,Unnamed / Residential,Residual road group,0.0
5107794655,5107794645,Inagua Island Drive,Named corridor,0.0
5107728583,5107794645,Acklin Island Drive,Named corridor,0.0
5107184561,5107184558,Unnamed / Residential,Residual road group,0.0
5107885221,5107885218,Unnamed / Residential,Residual road group,0.0
5106176830,5106176825,Unnamed / Residential,Residual road group,0.0
5106084648,5106084647,Unnamed / Residential,Residual road group,0.0
5106010115,5106010107,Unnamed / Residential,Residual road group,0.0
13478526509,5106010104,Unnamed / Residential,Residual road group,0.0
5108089368,5108089364,Unnamed / Residential,Residual road group,0.0
5109211164,5108046892,Pen Shell Road,Named corridor,0.0
5108046897,5108046892,Pen Shell Road,Named corridor,0.0
13373565432,5107989768,Unnamed / Residential,Residual road group,0.0
5106577174,5106576376,Unnamed / Residential,Residual road group,0.0
1795515894,271976577,Limpet Road,Named corridor,0.0
272110924,5081254486,Otter Drive,Named corridor,0.0
5081254486,272110817,Otter Drive,Named corridor,0.0
5119570497,271993335,Fort Oranje Drive,Named corridor,0.0
5105924013,5105924012,Unnamed / Residential,Residual road group,0.0
5105900101,5105900094,Unnamed / Living Street,Residual road group,0.0
6691510093,5105897027,Unnamed / Residential,Residual road group,0.0
1795509304,1795509313,Louis Armstrong Drive,Named corridor,0.0
5095598213,272111686,Sr. Clara Drive,Named corridor,0.0
1791624398,272111684,Sr. Agnus Drive,Named corridor,0.0
5105823065,5105823059,Unnamed / Residential,Residual road group,0.0
5105797419,5105797418,One Hoe Lane,Named corridor,0.0
5106278530,5105797417,Quilletor Drive,Named corridor,0.0
5107184558,5105797415,Caines Drive,Named corridor,0.0
5105865505,5111244021,Popular Tree Drive,Named corridor,0.0
5105865503,5111243519,Unnamed / Residential,Residual road group,0.0
5105831444,5105831443,Unnamed / Residential,Residual road group,0.0
1795509368,1795509300,Billy Holiday Drive,Named corridor,0.0
5087353744,1795509297,Rice Hill Estate Road,Named corridor,0.0
1795509364,1795509336,Rice Hill Estate Road,Named corridor,0.0
1795509351,1795509336,Rice Hill Estate Road,Named corridor,0.0
1795509334,1795509338,Benny Goodman Drive,Named corridor,0.0
5108100020,1795426208,Marianne Estate Drive,Named corridor,0.0
1795426208,1868688325,Marianne Estate Drive,Named corridor,0.0
1795426208,1795426220,Cork Tree Drive,Named corridor,0.0
9816259075,5113285796,Unnamed / Residential,Residual road group,0.0
6691510094,5105897027,Skyline Drive,Named corridor,0.0
5128224317,5105876950,Unnamed / Residential,Residual road group,0.0
5105876950,5105876954,Unnamed / Residential,Residual road group,0.0
5105876954,5105876939,Unnamed / Residential,Residual road group,0.0
5105876935,5105876939,Unnamed / Residential,Residual road group,0.0
1795509380,1795509372,Count Basie Drive,Named corridor,0.0
1973313619,5105800166,Defiance Road,Named corridor,0.0
1795509347,1973313619,Defiance Road,Named corridor,0.0
5298457699,1795421200,Unnamed / Unclassified,Residual road group,0.0
5081517598,5081517596,Unnamed / Residential,Residual road group,0.0
5108006313,5081454518,Guana Bay Drive,Named corridor,0.0
5081455422,5081454518,Unnamed / Residential,Residual road group,0.0
5108089364,1795516018,Wentel Drive,Named corridor,0.0
1790494634,5113616607,Rubber Tree Drive,Named corridor,0.0
1790494629,1790494663,Sandbox Tree Drive,Named corridor,0.0
303238664,303238971,Soursap Road,Named corridor,0.0
5298269684,5097778760,Indus Drive,Named corridor,0.0
303238980,303238662,Genip Road,Named corridor,0.0
303238662,303238969,Genip Road,Named corridor,0.0
5081594434,5081594427,Unnamed / Residential,Residual road group,0.0
303239061,303239060,Lime Road,Named corridor,0.0
303238683,303238682,Tangerine Road,Named corridor,0.0
5109208531,5079781040,Gulf Scallop Drive,Named corridor,0.0
5079781040,5079795128,Gulf Scallop Drive,Named corridor,0.0
4983625052,4983625051,Unnamed / Residential,Residual road group,0.0
303238980,1946850257,Saint Peters Road,Named corridor,0.0
5103489312,5081936255,Madame Estate Drive,Named corridor,0.0
1790182489,1790182411,Amazone Road,Named corridor,0.0
1790182413,1790182411,Mississippi Drive,Named corridor,0.0
1790182411,2670028315,Amazone Road,Named corridor,0.0
1790176499,1790176497,Blue Marine Road,Named corridor,0.0
7507155841,1791647090,Unnamed / Residential,Residual road group,0.0
1791647080,1791647083,Unnamed / Residential,Residual road group,0.0
1791647075,1791647062,Unnamed / Residential,Residual road group,0.0
5081546082,5081546080,Unnamed / Residential,Residual road group,0.0
10043560157,13206464869,Unnamed / Residential,Residual road group,0.0
1790494619,10043560157,Mahoe Tree Drive,Named corridor,0.0
13206464868,1790494610,Mahoe Tree Drive,Named corridor,0.0
1790182562,1790182556,Amazone Road,Named corridor,0.0
1790182472,1790182556,Unnamed / Residential,Residual road group,0.0
1790182556,1790182461,Amazone Road,Named corridor,0.0
1790182461,1790182489,Amazone Road,Named corridor,0.0
5109214774,5081594005,Unnamed / Residential,Residual road group,0.0
10043560157,13206464868,Mahoe Tree Drive,Named corridor,0.0
1791647062,1791647083,Unnamed / Residential,Residual road group,0.0
1791647062,1791647060,Unnamed / Residential,Residual road group,0.0
1791647060,4283330624,Unnamed / Residential,Residual road group,0.0
1791645415,5103937177,Unnamed / Residential,Residual road group,0.0
1791624401,1791624399,Robert's Drive,Named corridor,0.0
1795516010,5108089364,Wentel Drive,Named corridor,0.0
5105271250,4284402192,Road Town Drive,Named corridor,0.0
4983625034,5298457700,Unnamed / Residential,Residual road group,0.0
5115113398,5082534970,Gibs Drive,Named corridor,0.0
4284401955,5115113398,Gibs Drive,Named corridor,0.0
4284401950,4284401944,Mount William Drive,Named corridor,0.0
12648620813,4284401913,Woods Drive,Named corridor,0.0
4284401902,4284401681,Unnamed / Residential,Residual road group,0.0
1760740328,303239170,Unnamed / Residential,Residual road group,0.0
1760740328,303238978,Saint Peters Road,Named corridor,0.0
3657225830,303238973,Unnamed / Residential,Residual road group,0.0
5082534970,4284402189,Gibs Drive,Named corridor,0.0
5317139533,5080925918,Unnamed / Residential,Residual road group,0.0
5103489306,5081936255,Madame Estate Road,Named corridor,0.0
5103489306,5086477014,Paradise Island Road,Named corridor,0.0
5080501884,5103489306,Madame Estate Road,Named corridor,0.0
5079976768,5109208531,Gulf Scallop Drive,Named corridor,0.0
5079837097,5079837095,Unnamed / Residential,Residual road group,0.0
5105174600,5079806047,Unnamed / Residential,Residual road group,0.0
5079795133,5108014130,Unnamed / Residential,Residual road group,0.0
1791647083,1791647060,Unnamed / Residential,Residual road group,0.0
5108089386,1795515894,Unnamed / Residential,Residual road group,0.0
5081254496,5081254486,Otter Drive,Named corridor,0.0
5081179367,5081179367,Unnamed / Residential,Residual road group,0.0
5081179367,5081179360,Unnamed / Residential,Residual road group,0.0
5105795751,5081123758,Paris Drive,Named corridor,0.0
5081123761,5081123758,Unnamed / Residential,Residual road group,0.0
5105749624,5080925918,Marina Terrace,Named corridor,0.0
1791647083,1791647062,Unnamed / Residential,Residual road group,0.0
1795516018,1795515917,Limpet Road,Named corridor,0.0
5082464654,5082464650,Unnamed / Residential,Residual road group,0.0
5082464645,5082464649,Unnamed / Residential,Residual road group,0.0
5082413271,5082413268,Unnamed / Residential,Residual road group,0.0
5082403704,5082403701,Unnamed / Residential,Residual road group,0.0
279563502,279563499,Unnamed / Residential,Residual road group,0.0
279563499,279563498,Rhino Drive,Named corridor,0.0
279563496,279563498,Zebra Drive,Named corridor,0.0
5082062350,5116134150,Mildrum Road,Named corridor,0.0
279563163,279563150,Blyden's Drive,Named corridor,0.0
5319210078,279563150,Tansy Drive,Named corridor,0.0
5088410318,279563149,Sparrell Drive,Named corridor,0.0
279563150,279563149,Blyden's Drive,Named corridor,0.0
1946850257,303238661,Saint Peters Road,Named corridor,0.0
1946850254,1760740317,Unresolved multi-name edge,Residual road group,0.0
1946850254,303238794,Raspberry Road,Named corridor,0.0
303238661,303238968,Saint Peters Road,Named corridor,0.0
279563171,279563168,Wintergreen Drive,Named corridor,0.0
5094620389,5094620385,Unnamed / Residential,Residual road group,0.0
5094587594,5094587590,Unnamed / Residential,Residual road group,0.0
5092713961,5105844552,Guiro Road,Named corridor,0.0
5115707740,5092713942,Cay Bay Road,Named corridor,0.0
279561492,279561438,Fort Hill Road,Named corridor,0.0
279561553,279561403,Fort Willem Drive,Named corridor,0.0
279556203,1927324474,Little Bay Road,Named corridor,0.0
5126046804,5101763227,Unnamed / Residential,Residual road group,0.0
5105941207,5082484557,Unnamed / Residential,Residual road group,0.0
5100669093,5319009556,Teak Tree Drive,Named corridor,0.0
5100220548,5100220547,Red Cedar Tree Drive,Named corridor,0.0
5100220546,5100220545,Cockspur Tree Drive,Named corridor,0.0
5106192246,5098348157,Unnamed / Residential,Residual road group,0.0
5097820173,5097820165,Tisza Drive,Named corridor,0.0
12648583064,12648583079,Paramaribo Drive,Named corridor,0.0
5082534987,12648583064,Unnamed / Residential,Residual road group,0.0
5082534976,5082534970,Unnamed / Residential,Residual road group,0.0
5100669111,5100669105,Diamond Drive,Named corridor,0.0
5105844552,5081629625,Unnamed / Residential,Residual road group,0.0
5105844552,5105844527,Guiro Road,Named corridor,0.0
5105967769,5081901323,Unnamed / Residential,Residual road group,0.0
5081895361,5081895367,Unnamed / Residential,Residual road group,0.0
5103937163,5081882369,Unnamed / Residential,Residual road group,0.0
5106235648,5081747546,Unnamed / Residential,Residual road group,0.0
5105928238,5081707006,Unnamed / Residential,Residual road group,0.0
303238660,303238815,Tangerine Road,Named corridor,0.0
5081707006,5318904038,Uxbridge Drive,Named corridor,0.0
5128467520,5081703451,Unnamed / Residential,Residual road group,0.0
5082319410,5094587590,Peridot Road,Named corridor,0.0
5103638596,5082223675,Paradise Island Road,Named corridor,0.0
5103638596,5105862514,Unnamed / Residential,Residual road group,0.0
5105831442,5082084403,Unnamed / Residential,Residual road group,0.0
5116134151,5082062350,Mildrum Road,Named corridor,0.0
5082062351,5082062350,Unnamed / Residential,Residual road group,0.0
5081749208,5081707006,Uxbridge Drive,Named corridor,0.0
5092082930,279565023,Chameleon Drive,Named corridor,0.0
279563500,279563499,Rhino Drive,Named corridor,0.0
5120378233,279561492,Fort Hill Road,Named corridor,0.0
279561492,279561406,Fort Hill Road,Named corridor,0.0
5109844738,271824226,Unnamed / Residential,Residual road group,0.0
6695229446,271824219,Unnamed / Residential,Residual road group,0.0
5106144237,271824219,Brown Drive,Named corridor,0.0
5081627519,5105844547,Unnamed / Residential,Residual road group,0.0
5081647920,5319059731,Plough Drive,Named corridor,0.0
5105844547,5105844548,Unnamed / Residential,Residual road group,0.0
303238978,303238980,Saint Peters Road,Named corridor,0.0
303238978,303238664,Soursap Road,Named corridor,0.0
303239170,3657225830,Unnamed / Residential,Residual road group,0.0
5105705512,5081682853,Unnamed / Residential,Residual road group,0.0
5081682869,5081682853,Christian Sted Drive,Named corridor,0.0
5081682853,5081682851,Christian Sted Drive,Named corridor,0.0
5081663897,5081663896,Sage Drive,Named corridor,0.0
5105844547,5081627506,Unnamed / Residential,Residual road group,0.0
5113285796,1947004370,Diamond Road,Named corridor,0.0
1947004341,5113285796,Diamond Road,Named corridor,0.0
5119429696,1947004308,Unnamed / Residential,Residual road group,0.0
5082354509,1950775994,Unnamed / Residential,Residual road group,0.0
3456873815,1947783689,Claw Cactus Road,Named corridor,0.0
3674048023,1947680282,Rink Steeg,Named corridor,0.0
1947060978,1947060981,Sand Piper Drive,Named corridor,0.0
3975815366,3975815368,Unnamed / Residential,Residual road group,0.0
5094587586,303248788,Agate Road,Named corridor,0.0
5094672282,303248695,Zircon Road,Named corridor,0.0
5105829201,1919289219,Unnamed / Residential,Residual road group,0.0
5105829200,1919289219,Unnamed / Residential,Residual road group,0.0
1967799939,1967799945,C. Shaw Street,Named corridor,0.0
5113493111,1967799972,Unnamed / Residential,Residual road group,0.0
1967799937,5113493111,Unnamed / Residential,Residual road group,0.0
1967799920,1967799912,Cedar Grove Drive,Named corridor,0.0
303248860,303248860,Unnamed / Residential,Residual road group,0.0
4283347872,1967799955,Zo Zo Moran Road,Named corridor,0.0
2970143335,4283348359,L. Lashley Street,Named corridor,0.0
2970143335,1967799945,C. A. Levendag Street,Named corridor,0.0
1967799969,1967799939,Unresolved multi-name edge,Residual road group,0.0
1967799969,4283348359,J.H. de la Feunte Street,Named corridor,0.0
1967799969,2970143335,C. A. Levendag Street,Named corridor,0.0
1967799945,5101763222,C. A. Levendag Street,Named corridor,0.0
1967799939,5101763222,H. Tion Sie Fat Street,Named corridor,0.0
303248260,303248106,Sapphire Road,Named corridor,0.0
303247634,13395914839,Unnamed / Unclassified,Residual road group,0.0
3701771862,303248047,Unnamed / Residential,Residual road group,0.0
303247947,303247938,Topaz Road,Named corridor,0.0
303247941,303247938,Topaz Road,Named corridor,0.0
3658023356,303248694,Tourmaline Road,Named corridor,0.0
5109755938,303248238,Ruby Drive,Named corridor,0.0
303248238,303248200,Ruby Drive,Named corridor,0.0
303248157,303248238,Ruby Drive,Named corridor,0.0
1794975142,303247400,Unnamed / Residential,Residual road group,0.0
303253587,5317343969,Mountaindove Road,Named corridor,0.0
303253395,303253587,Merlin Road,Named corridor,0.0
542329660,303253115,Mockingbird Road,Named corridor,0.0
1946875622,1946875644,Unnamed / Residential,Residual road group,0.0
303253298,303254010,Peacock Road,Named corridor,0.0
3137677066,303252854,Goldfinch Road,Named corridor,0.0
558702377,303252843,Goldfinch Road,Named corridor,0.0
1967799909,1967799965,Sequoia Drive,Named corridor,0.0
303249770,5101763243,Cabbage Palm Drive,Named corridor,0.0
1947004281,1947004306,Sea Island Cotton Road,Named corridor,0.0
1947004306,1947004269,Sea Island Cotton Road,Named corridor,0.0
1947004277,1947004269,Unnamed / Residential,Residual road group,0.0
1947004269,1947004273,Sea Island Cotton Road,Named corridor,0.0
1947004308,1947004306,Sea Island Cotton drive,Named corridor,0.0
1947004259,1947004308,Sea Island Cotton drive,Named corridor,0.0
5081254501,1947004247,Kudu Drive,Named corridor,0.0
5098603623,303249771,Locas Tree Drive,Named corridor,0.0
1111818525,1109448631,Annas Hoop Estate Road,Named corridor,0.0
1109448631,1109448630,Anna's Hoop Estate Road,Named corridor,0.0
1109448619,1111765259,Belvederd Estate Road,Named corridor,0.0
271823370,271823368,Impalla Road,Named corridor,0.0
271823370,271823374,Leopard Road,Named corridor,0.0
3657930403,271823355,Ginger Road,Named corridor,0.0
1927155469,1919289228,Gardenia Road,Named corridor,0.0
1946850243,1946850234,Unnamed / Residential,Residual road group,0.0
303253587,5116691676,Mountaindove Road,Named corridor,0.0
5128015789,1946839564,Tulip Drive,Named corridor,0.0
4284453032,1946839564,Gladiola Drive,Named corridor,0.0
4284485801,1927340436,Industrie Drive,Named corridor,0.0
1946875614,1927340429,Red Rose Drive,Named corridor,0.0
1927340429,1927340414,Red Rose Road,Named corridor,0.0
1927340429,1927340415,Red Rose Road,Named corridor,0.0
303248860,319861594,Unnamed / Residential,Residual road group,0.0
303253587,303253395,Merlin Road,Named corridor,0.0
1946839571,1946839582,Gladiola Road,Named corridor,0.0
303246983,303246982,H. Tion Sie Fat Street,Named corridor,0.0
4283387767,303246975,Windsor Road,Named corridor,0.0
271823506,1947004367,Llama Drive,Named corridor,0.0
5091462626,271823457,Hamster Drive,Named corridor,0.0
4283312641,5081172614,Unnamed / Residential,Residual road group,0.0
4283312641,271823457,Unresolved multi-name edge,Residual road group,0.0
303247295,4283376100,Almond Grove Road,Named corridor,0.0
1111818749,1111794251,Golden Grove Estate Road,Named corridor,0.0
1111757784,5115113373,Lambert Road,Named corridor,0.0
3656887990,1111757770,Zorg en Rust Road,Named corridor,0.0
1947763419,271809815,Unnamed / Residential,Residual road group,0.0
5105876921,271809815,Unnamed / Residential,Residual road group,0.0
271809815,2146374859,Unnamed / Residential,Residual road group,0.0
7510506371,271802937,Doodle Doo Cactus Drive,Named corridor,0.0
3994661893,1918592978,Retreat Estate Road,Named corridor,0.0
4283348359,303246983,J.H. de la Feunte Street,Named corridor,0.0
5119429707,303247274,Unnamed / Residential,Residual road group,0.0
303246942,303246944,Well Road,Named corridor,0.0
2535486753,8587179325,Unresolved multi-name edge,Residual road group,0.0
4284425983,2146379904,Unnamed / Residential,Residual road group,0.0
2146379905,2146379904,Tassel Road,Named corridor,0.0
2146379903,5640098479,Roses Road,Named corridor,0.0
2146379901,5640098479,Unnamed / Residential,Residual road group,0.0
5640098479,2146379899,Roses Road,Named corridor,0.0
2146374854,9464446348,Unnamed / Residential,Residual road group,0.0
12646776195,2535480166,Unnamed / Residential,Residual road group,0.0
5105875712,2146369474,Unnamed / Residential,Residual road group,0.0
5101855225,5101855231,Unresolved multi-name edge,Residual road group,0.0
11827164760,303247229,Unnamed / Residential,Residual road group,0.0
5101763251,303247229,Wesley Lane,Named corridor,0.0
5298457701,303247201,Narrow Road,Named corridor,0.0
5298457700,303247127,Unnamed / Residential,Residual road group,0.0
5298457700,5298457701,Unnamed / Residential,Residual road group,0.0
303247127,5101763235,Narrow Road,Named corridor,0.0
9464446348,2146370170,Unnamed / Residential,Residual road group,0.0
5107695012,5107695011,Unnamed / Residential,Residual road group,0.0
1973316130,1973316129,Bow Estate Road,Named corridor,0.0
5109208218,5081290990,Scallop Shell Road,Named corridor,0.0
13395914858,303247355,Port de Plaisance Drive,Named corridor,0.0
303247383,303247634,Country Club Drive,Named corridor,0.0
1109448575,1111818754,Sugar Mill Estate Road,Named corridor,0.0
1069036648,1069035595,Turquoise Drive,Named corridor,0.0
1069035594,1069035595,Turquoise Drive,Named corridor,0.0
5322410660,5111075662,Pendant Cactus Road,Named corridor,0.0
2670241143,1033360489,Spinel Road,Named corridor,0.0
1033360254,9816259047,Pearl Drive,Named corridor,0.0
1967799939,1967799969,Unresolved multi-name edge,Residual road group,0.0
1927155290,1927155601,Aaron Jacbo's Drive,Named corridor,0.0
1927155290,1927155635,Lane 7,Named corridor,0.0
1927155620,1919289243,Orchid Road,Named corridor,0.0
1927155594,1919289241,Orchid Road,Named corridor,0.0
1111818517,1109448597,Golden Grove Estate Road,Named corridor,0.0
1069035595,1069035589,Turquoise Drive,Named corridor,0.0
1973310091,5322410660,Pendant Cactus Road,Named corridor,0.0
13027091235,1973273421,Belle Tree Drive,Named corridor,0.0
3980929747,1967799955,Unnamed / Residential,Residual road group,0.0
303247938,303247947,Topaz Road,Named corridor,0.0
303247938,303247941,Topaz Road,Named corridor,0.0
303247938,303247939,Topaz Drive,Named corridor,0.0
13395914839,303247634,Unnamed / Unclassified,Residual road group,0.0
1973313661,5109208218,Scallop Shell Road,Named corridor,0.0
5107695012,1973316145,Grand Fond Estate Road,Named corridor,0.0
5109208540,1973313632,Unnamed / Residential,Residual road group,0.0
5081290990,1973313632,Scallop Shell Road,Named corridor,0.0
1973313632,5109208547,Scallop Shell Road,Named corridor,0.0
5107794645,1973313619,Acklin Island Drive,Named corridor,0.0
5105800166,5107678713,Defiance Road,Named corridor,0.0
5322410660,4283415847,Unnamed / Residential,Residual road group,0.0
5080628984,303247295,Calabash Road,Named corridor,0.0
303247295,5105832762,Calabash Road,Named corridor,0.0
1973313653,5081290990,Unnamed / Residential,Residual road group,0.0
11770931061,1927155482,Unnamed / Residential,Residual road group,0.0
1927155482,11770931060,Lane 4,Named corridor,0.0
13206464899,13206464869,Tom Ben's Estate Drive,Named corridor,0.0
5113079951,5318904035,Cockspur Tree Drive,Named corridor,0.0
5111747795,5111747793,Unnamed / Residential,Residual road group,0.0
5111284813,5111284814,Unnamed / Residential,Residual road group,0.0
5111284782,5111284779,Unnamed / Residential,Residual road group,0.0
303253298,303253293,Pigeon Road,Named corridor,0.0
5109696702,5109696701,Unnamed / Residential,Residual road group,0.0
5109568457,5109568453,Unnamed / Residential,Residual road group,0.0
5106084655,5106084652,Unnamed / Residential,Residual road group,0.0
5106084653,5106084652,Unnamed / Residential,Residual road group,0.0
5106084652,5106084650,Unnamed / Residential,Residual road group,0.0
7674814917,7511316587,Unnamed / Residential,Residual road group,0.0
7511316587,7511299584,Unnamed / Residential,Residual road group,0.0
6695329705,6695329706,Unnamed / Residential,Residual road group,0.0
5111069292,5111069280,Unnamed / Residential,Residual road group,0.0
1927155432,1927155733,St John's Estate Road,Named corridor,0.0
1927155427,1927155411,Frangipani Road,Named corridor,0.0
1927155411,1927155469,Passion Flower Road,Named corridor,0.0
1927155411,1927155448,Poinsetta Road,Named corridor,0.0
1927155729,271823361,Beaver Drive,Named corridor,0.0
3656754120,544045426,Eagle Road,Named corridor,0.0
4274572078,544045387,Falcon Drive,Named corridor,0.0
322994803,5327862431,Unnamed / Secondary Link,Residual road group,0.0
11770931060,1927155560,Lane 4,Named corridor,0.0
6691214496,1927155478,Unnamed / Residential,Residual road group,0.0
1950775992,1927155469,Passion Flower Road,Named corridor,0.0
1946875644,1927155453,Durat Road,Named corridor,0.0
1927155563,1927155600,Unnamed / Residential,Residual road group,0.0
1927155560,4283387739,Cay Bay Road,Named corridor,0.0
5298475118,1927155482,Unnamed / Residential,Residual road group,0.0
4283387749,1927155482,Lane 4,Named corridor,0.0
4283387749,1927155601,Lane 3,Named corridor,0.0
2670241430,319861598,Citrine Road,Named corridor,0.0
5105967754,5105967734,Lakeside Drive,Named corridor,0.0
5109568425,271976544,Oyster Pond Road,Named corridor,0.0
5298457699,5298457699,Unnamed / Unclassified,Residual road group,0.0
5109568458,5109568453,Unnamed / Unclassified,Residual road group,0.0
5109568420,5109568425,Unnamed / Residential,Residual road group,0.0
5109208213,5109208218,Scallop Shell Road,Named corridor,0.0
5108089390,5108089387,Surf Clam Road,Named corridor,0.0
5113997840,5113997839,Unnamed / Residential,Residual road group,0.0
5108089375,5108089368,Unnamed / Residential,Residual road group,0.0
5119424620,5119429426,Unnamed / Residential,Residual road group,0.0
5119424607,5119424612,Unnamed / Residential,Residual road group,0.0
5119424602,5119424612,Unnamed / Residential,Residual road group,0.0
5316765669,5118264426,Amazone Road,Named corridor,0.0
5118264421,5118264320,Unnamed / Residential,Residual road group,0.0
5118264317,5118264318,Unnamed / Residential,Residual road group,0.0
5116268021,5116268021,Unnamed / Living Street,Residual road group,0.0
5109583604,5108089368,Unnamed / Residential,Residual road group,0.0
5113493112,5113493111,Unnamed / Residential,Residual road group,0.0
5130592910,5130592914,Sunflower Road,Named corridor,0.0
5126046721,5126046812,Unnamed / Residential,Residual road group,0.0
5106110759,5106110762,Unnamed / Residential,Residual road group,0.0
5106110748,5106110745,Unnamed / Residential,Residual road group,0.0
5106110776,5106110771,Unnamed / Residential,Residual road group,0.0
5106110738,5106110776,Unnamed / Residential,Residual road group,0.0
5106278571,5106084657,Unnamed / Residential,Residual road group,0.0
271993258,272111019,Kangaroo Road,Named corridor,0.0
5116134148,5116134150,Unnamed / Residential,Residual road group,0.0
9136848839,271976491,Green Star Shell Road,Named corridor,0.0
1795530427,271976491,Clam Shell Drive,Named corridor,0.0
7517679949,6693549245,Unnamed / Residential,Residual road group,0.0
12747121524,6693513371,Unnamed / Residential,Residual road group,0.0
5322445657,5322445660,Unnamed / Residential,Residual road group,0.0
5319274371,5319274369,Imperial Shell Drive,Named corridor,0.0
5318904030,5318904028,Unnamed / Residential,Residual road group,0.0
5106278527,5106084657,Madrid Road,Named corridor,0.0
5105823059,303290919,Unnamed / Residential,Residual road group,0.0
1947060981,1947060985,Sand Piper Drive,Named corridor,0.0
303255087,303255086,Monte Vista Road,Named corridor,0.0
303255086,303255080,Monte Vista Road,Named corridor,0.0
5079837095,303255080,Unnamed / Residential,Residual road group,0.0
303255080,303255078,Monte Vista Road,Named corridor,0.0
5079888069,303255078,Unnamed / Residential,Residual road group,0.0
1927155432,1927155478,Unresolved multi-name edge,Residual road group,0.0
303255104,303255047,Hummingbird Road,Named corridor,0.0
9812426905,303254183,Pelican Road,Named corridor,0.0
271823441,271823444,Hyena Road,Named corridor,0.0
271823441,271823435,Lion Road,Named corridor,0.0
4283387758,4283387764,Windsor Road,Named corridor,0.0
4283387758,1927155737,Venus Drive,Named corridor,0.0
1927155685,1927155684,Cordia Road,Named corridor,0.0
1927155665,5298475118,Aaron Jacbo's Drive,Named corridor,0.0
303255078,303255104,Hummingbird Road,Named corridor,0.0
271823392,271823400,Welegen Lane,Named corridor,0.0
271823392,271823401,Unresolved multi-name edge,Residual road group,0.0
271823392,271823377,Welgelegen Drive,Named corridor,0.0
271823374,271823370,Leopard Road,Named corridor,0.0
5094587590,1033360035,Peridot Road,Named corridor,0.0
4283201338,1033359743,Unnamed / Residential,Residual road group,0.0
558702376,558702377,Blue Jay Drive,Named corridor,0.0
303255185,1947060981,Sand Piper Drive,Named corridor,0.0
303290954,5105823059,Unnamed / Residential,Residual road group,0.0
3880564017,303255095,Monte Vista Drive,Named corridor,0.0
303255095,303255087,Monte Vista Road,Named corridor,0.0
4282055239,558701475,Turnstone Road,Named corridor,0.0
2970143270,558621731,Tropical Road,Named corridor,0.0
271823401,271823392,Unresolved multi-name edge,Residual road group,0.0
271823429,271823431,Jaguar Road,Named corridor,0.0
3833305166,303291325,Unnamed / Residential,Residual road group,0.0
303291128,1840729270,Sugar Hill Drive,Named corridor,0.0
3880564008,303255104,King Bird Drive,Named corridor,0.0
1927155362,5128328500,Camelia Road,Named corridor,0.0
1927155381,1927155295,Cannegieter Drive,Named corridor,0.0
5092713949,1927155290,Aaron Jacbo's Drive,Named corridor,0.0
1927155601,5298475118,Aaron Jacbo's Drive,Named corridor,0.0
1927155601,4283387749,Lane 3,Named corridor,0.0
1927155635,1927155290,Lane 7,Named corridor,0.0
5092713968,1927155409,Unnamed / Residential,Residual road group,0.0
558701512,4282056976,Pelican Road,Named corridor,0.0
1927155665,1927155683,Lane 1,Named corridor,0.0
5107393710,5106142937,Unnamed / Residential,Residual road group,0.0
5106142937,5106142941,Unnamed / Residential,Residual road group,0.0
5106110782,5106110776,Unnamed / Residential,Residual road group,0.0
5106110771,5106110768,Unnamed / Residential,Residual road group,0.0
5106110768,5106110771,Unnamed / Residential,Residual road group,0.0
1927155478,1946875644,Durat Road,Named corridor,0.0
1927155478,1927155432,Unresolved multi-name edge,Residual road group,0.0
1927155733,1927155453,St John's Estate Road,Named corridor,0.0
5106144239,5106144237,Unnamed / Residential,Residual road group,0.0
5092713950,4283387749,Lane 3,Named corridor,0.0
5108046892,1927267026,Pen Shell Road,Named corridor,0.0
5126047184,303292044,Peter John Road,Named corridor,0.0
2970143292,303291719,Mahoganny Tree Drive,Named corridor,0.0
5100181704,303291459,Silk Tree Drive,Named corridor,0.0
5105928236,303291457,Silver Maple Tree Drive,Named corridor,0.0
303291330,303291328,Sarsapilla Road,Named corridor,0.0
3833307267,303291325,Unnamed / Residential,Residual road group,0.0
558702373,558702365,Yellow Bird Road,Named corridor,0.0
1927155635,5092713950,Lane 5,Named corridor,0.0
5079888067,303255086,Monte Vista Road,Named corridor,0.0
4284485786,1927340436,Isis Road,Named corridor,0.0
1927340415,1927340445,Daisy Road,Named corridor,0.0
1927340414,1927340429,Red Rose Road,Named corridor,0.0
1927340414,4284485786,Unnamed / Residential,Residual road group,0.0
1927340414,1927340415,Daisy Road,Named corridor,0.0
1791647091,271802937,Doodle Doo Cactus Drive,Named corridor,0.0
5092133591,271823449,Caribou Drive,Named corridor,0.0
303244066,303244061,Reward Road,Named corridor,0.0
303243941,1840729279,Emancipation Drive,Named corridor,0.0
303243941,303243941,Emancipation Drive,Named corridor,0.0
1946839565,303243569,Amaryllis Road,Named corridor,0.0
1946839583,303243493,Bluebell Drive,Named corridor,0.0
303290748,303243491,Match-Me Drive,Named corridor,0.0
5116134150,303244110,Mildrum Road,Named corridor,0.0
5105872954,303246944,Wellsburg Street,Named corridor,0.0
3658023355,3658023351,Amber Road,Named corridor,0.0
3657955704,5101763227,Unnamed / Residential,Residual road group,0.0
3704351458,3657930403,Unnamed / Residential,Residual road group,0.0
5317254327,3657907542,The Cottage Drive,Named corridor,0.0
5113997839,3657907536,Dominica Drive,Named corridor,0.0
303244110,3657826862,Mildrum Road,Named corridor,0.0
303244173,303244090,Brimstone Hill Road,Named corridor,0.0
303244632,303244626,Panama Road,Named corridor,0.0
3658023352,3658023354,Halley's Drive,Named corridor,0.0
5108101066,1868688326,Unnamed / Residential,Residual road group,0.0
3657907536,4284426424,Dominica Road,Named corridor,0.0
3657826858,3657826862,Unnamed / Residential,Residual road group,0.0
5081173701,3657247441,Bison Drive,Named corridor,0.0
3657225836,3657225830,Unnamed / Residential,Residual road group,0.0
3657225829,3657225828,Gooseberry Drive,Named corridor,0.0
3657225827,5081121721,Golden Apple Drive,Named corridor,0.0
3657008831,3657008832,Davis Drive,Named corridor,0.0
5103240320,303244061,Unnamed / Residential,Residual road group,0.0
4284401599,271824183,Basseterre Road,Named corridor,0.0
4284401599,5105941198,Basseterre Road,Named corridor,0.0
5105941189,271824180,Unnamed / Residential,Residual road group,0.0
5105941187,271824180,Unnamed / Residential,Residual road group,0.0
3657008621,271824177,Gumbs Drive,Named corridor,0.0
3657826862,3658399361,Mildrum Road,Named corridor,0.0
303290880,303244110,Mount Pele Road,Named corridor,0.0
4284426407,3657907536,Dominica Road,Named corridor,0.0
3657008829,3657008624,Freeport Drive,Named corridor,0.0
303244639,303244641,Unnamed / Residential,Residual road group,0.0
303244646,303244645,Ch. Maccow Road,Named corridor,0.0
3657008622,3657008615,Lake's Drive,Named corridor,0.0
4284401954,3657008615,Unnamed / Residential,Residual road group,0.0
12648583079,3656887993,Paramaribo Drive,Named corridor,0.0
3656887992,3656887996,Warsaw Drive,Named corridor,0.0
5105174586,3656887991,Martinique Road,Named corridor,0.0
303244632,303244601,Unresolved multi-name edge,Residual road group,0.0
3656887986,3656887990,Arndell's Drive,Named corridor,0.0
303244474,6677367413,Montevideo Road,Named corridor,0.0
3656813311,3656813314,Hedge Hog Cactus Road,Named corridor,0.0
3656717364,3656717365,Waterfowl Road,Named corridor,0.0
5319274389,4274611894,Unnamed / Residential,Residual road group,0.0
5319274389,3456889794,Unnamed / Residential,Residual road group,0.0
4274611894,5319274389,Unnamed / Residential,Residual road group,0.0
4274611894,3456889794,Unnamed / Residential,Residual road group,0.0
3936303352,5105271267,Hodge Lane,Named corridor,0.0
303244632,303244591,Unresolved multi-name edge,Residual road group,0.0
303244591,6677367419,Unresolved multi-name edge,Residual road group,0.0
4284401915,3656887982,Georgetown Drive,Named corridor,0.0
5107829534,250656258,Nile Road,Named corridor,0.0
1109448630,303245165,Belvederd Estate Road,Named corridor,0.0
1111757638,303244831,Algiers Drive,Named corridor,0.0
303244626,303244632,Panama Road,Named corridor,0.0
303244626,5105707340,Panama Road,Named corridor,0.0
303244639,303244325,Nazareth Road,Named corridor,0.0
303244601,303244632,Unresolved multi-name edge,Residual road group,0.0
303244601,303244626,Quito Road,Named corridor,0.0
303244601,5105707340,Cayenne Road,Named corridor,0.0
5105707340,303244591,Cayenne Road,Named corridor,0.0
303244474,303244457,Unnamed / Residential,Residual road group,0.0
303244457,303244494,George C. de Weever Road,Named corridor,0.0
303244457,303244474,Unnamed / Residential,Residual road group,0.0
303244326,303244639,Nazareth Road,Named corridor,0.0
303244626,303244601,Quito Road,Named corridor,0.0
1111818562,1111818537,Annas Hoop Estate Road,Named corridor,0.0
5092392133,3975815366,Unnamed / Residential,Residual road group,0.0
5116268021,5116267618,Unnamed / Living Street,Residual road group,0.0
3975815357,3975815366,Unnamed / Residential,Residual road group,0.0
3975815368,3975798066,L. van Beethoven Road,Named corridor,0.0
1111818637,1111818633,Delight Estate Road,Named corridor,0.0
1973316144,1111818637,Delight Estate Road,Named corridor,0.0
5108101023,1868688326,Unnamed / Residential,Residual road group,0.0
1111818592,1111818588,Delight Estate Road,Named corridor,0.0
303242745,303242743,Arbutus Road,Named corridor,0.0
303242333,303242318,Cherrynut Road,Named corridor,0.0
303242333,303242294,Reward Road,Named corridor,0.0
303242294,303242283,Reward Road,Named corridor,0.0
303244061,303242283,Reward Road,Named corridor,0.0
3980931644,5119429426,Celsius Road,Named corridor,0.0
3975866820,4283271746,Felix Marlin Road,Named corridor,0.0
1111818592,1111818630,Foga Estate Road,Named corridor,0.0
303241483,4283283789,Mildrum Road,Named corridor,0.0
303241439,303241436,Abraham Heijliger Road,Named corridor,0.0
303241439,303241440,Ebenezer Road,Named corridor,0.0
4283348351,4283348308,Waterrock Lane,Named corridor,0.0
4283347873,4283347877,Unnamed / Residential,Residual road group,0.0
5100181694,4283347854,Clammy Cherry Road,Named corridor,0.0
5081895368,4283330659,Unnamed / Residential,Residual road group,0.0
5081895373,4283330654,Unnamed / Residential,Residual road group,0.0
1111818562,1111818525,Annas Hoop Estate Road,Named corridor,0.0
4283311673,4283311681,Camel Drive,Named corridor,0.0
4283283790,4283281287,Unnamed / Residential,Residual road group,0.0
1111818592,5110714058,Delight Estate Road,Named corridor,0.0
1111818588,1111818637,Delight Estate Road,Named corridor,0.0
1111818588,1973316144,Careta Estate Road,Named corridor,0.0
1111818588,1111818592,Delight Estate Road,Named corridor,0.0
1111818537,1973316129,Anna's Hoop Estate Road,Named corridor,0.0
1111818633,1111818528,Rockland Estate Road,Named corridor,0.0
5103841084,4283330609,Chin Cactus Drive,Named corridor,0.0
5100510933,3704167985,Fountain Tree Drive,Named corridor,0.0
3703336819,3703336818,Unnamed / Residential,Residual road group,0.0
5118409630,1927340435,Dahlia Road,Named corridor,0.0
303243569,1946839565,Amaryllis Road,Named corridor,0.0
5108101022,1868688325,Unnamed / Residential,Residual road group,0.0
271803052,1840734739,Voges Straat,Named corridor,0.0
271803047,271807661,C.A. Cannegieter Street,Named corridor,0.0
3975815368,5092392131,L. van Beethoven Road,Named corridor,0.0
4283103404,4283103412,Ivory Shell Drive,Named corridor,0.0
5105271267,5105271249,Hodge Lane,Named corridor,0.0
3893661970,5105819319,Magpie Road,Named corridor,0.0
1111818528,1111818725,Rockland Estate Road,Named corridor,0.0
1973316145,5107695011,Golden Grove Estate Road,Named corridor,0.0
1973316145,5107695012,Grand Fond Estate Road,Named corridor,0.0
1973316147,5107695012,Unresolved multi-name edge,Residual road group,0.0
1111818500,1111818506,Griesel Road,Named corridor,0.0
1111818506,1111818500,Griesel Road,Named corridor,0.0
5105271267,5105271270,Hodge Lane,Named corridor,0.0
4282055227,4282055225,Pigeon Drive,Named corridor,0.0
4274611901,5109558952,Unnamed / Residential,Residual road group,0.0
5079937303,4274611894,Unnamed / Residential,Residual road group,0.0
5105875707,4274573759,Unnamed / Residential,Residual road group,0.0
5108046887,4024314855,Chestnut Turban Shell Road,Named corridor,0.0
3994661892,3994661891,Maduro Drive,Named corridor,0.0
5119429426,5101855224,Celsius Road,Named corridor,0.0
1918600227,1918600227,Amarantus Road,Named corridor,0.0
5094662961,3704237221,Unnamed / Residential,Residual road group,0.0
12648620849,3658399364,Unnamed / Residential,Residual road group,0.0
3658399362,3658399364,Unnamed / Residential,Residual road group,0.0
3658399378,3658399359,Unnamed / Residential,Residual road group,0.0
5097687245,3658373292,Niger Road,Named corridor,0.0
3658373292,1703120332,Cupecoy Roundabout,Named corridor,0.0
5079807556,3880564008,King Bird Drive,Named corridor,0.0
3833308171,3833307959,Unnamed / Residential,Residual road group,0.0
5092258967,3833307959,Unnamed / Residential,Residual road group,0.0
5173143216,3672246173,Smalle Steeg,Named corridor,0.0
5109550103,2669989135,Unnamed / Residential,Residual road group,0.0
2669989159,2669989135,Unnamed / Residential,Residual road group,0.0
2669989135,4283126294,Unnamed / Residential,Residual road group,0.0
3283102681,2669988943,Emerald Merit Road,Named corridor,0.0
2669988943,5108128441,Emerald Merit Road,Named corridor,0.0
6695725197,2669988805,Unnamed / Residential,Residual road group,0.0
6695725125,2669988805,Unnamed / Residential,Residual road group,0.0
5651208579,5319274389,Unnamed / Residential,Residual road group,0.0
12646776184,2970143301,Evergreen Tree Road,Named corridor,0.0
2970143317,2970143300,Van Buren Drive,Named corridor,0.0
2970143316,2970143297,Paragrass Drive,Named corridor,0.0
2970143295,2970143312,Richmond Drive,Named corridor,0.0
5081026606,2970143270,Unnamed / Residential,Residual road group,0.0
5106228493,2970143270,Unnamed / Residential,Residual road group,0.0
5298294405,2670042478,Unnamed / Residential,Residual road group,0.0
5097820159,2670042478,Unnamed / Residential,Residual road group,0.0
2669956224,5079837095,Unnamed / Residential,Residual road group,0.0
303245931,303245924,Guana Bay Road,Named corridor,0.0
4283103412,303245924,Guana Bay Drive,Named corridor,0.0
303245924,303245920,Guana Bay Road,Named corridor,0.0
1111794251,1584722491,Low Estate,Named corridor,0.0
1111794251,5110714044,Golden Grove Estate Road,Named corridor,0.0
1111760461,1111760460,Stockholm Drive,Named corridor,0.0
3672316555,1891815949,Visser Steeg,Named corridor,0.0
1891815946,1891815948,Pomp Steeg,Named corridor,0.0
3657930402,3657930405,Winnipeg Street,Named corridor,0.0
4283103417,303246184,Unnamed / Residential,Residual road group,0.0
2669956221,3880564008,Unnamed / Residential,Residual road group,0.0
2669896769,2669896778,Cuba Drive,Named corridor,0.0
2669896926,2669896497,Unnamed / Residential,Residual road group,0.0
2644100886,5292359398,Union Road,Named corridor,0.0
303247229,303246940,Wesley Lane,Named corridor,0.0
303246959,303246940,Wesley Street,Named corridor,0.0
303246944,303246939,Well Road,Named corridor,0.0
1111818637,1111818588,Delight Estate Road,Named corridor,0.0
5327905183,1109617127,Grenada Road,Named corridor,0.0
5327905183,1109617146,Guadeloupe Road,Named corridor,0.0
5103489305,5327905185,Johan Vermeer Street,Named corridor,0.0
5080925918,2535486721,Marina Terrace,Named corridor,0.0
5102848197,271802956,Pendant Cactus Road,Named corridor,0.0
5102848197,271802897,Pendant Cactus Road,Named corridor,0.0
4283415851,5111075662,Unnamed / Residential,Residual road group,0.0
2970143334,12459569246,Manjack Drive,Named corridor,0.0
5082523271,271802889,Unnamed / Residential,Residual road group,0.0
5101763222,1967799939,H. Tion Sie Fat Street,Named corridor,0.0
5101763222,303246983,H. Tion Sie Fat Street,Named corridor,0.0
303246919,303246921,Waterfront Road,Named corridor,0.0
303246919,303246933,Washington Street,Named corridor,0.0
279565022,271823455,Unnamed / Residential,Residual road group,0.0
279563498,271823452,Zebra Drive,Named corridor,0.0
5098670871,303246973,Royal Palm Drive,Named corridor,0.0
4283415851,271802897,Pendant Cactus Road,Named corridor,0.0
2970143321,2970143325,Bay Leaf Tree Drive,Named corridor,0.0
2970143318,2970143311,Unnamed / Residential,Residual road group,0.0
5111243519,2970143304,Unnamed / Residential,Residual road group,0.0
5111243519,2970143305,Unnamed / Residential,Residual road group,0.0
4283254280,271798686,Unnamed / Unclassified,Residual road group,0.0
271798686,4283254280,Unnamed / Unclassified,Residual road group,0.0
5103489305,5103489305,Unresolved multi-name edge,Residual road group,0.0
3833307959,271823349,Unnamed / Residential,Residual road group,0.0
1927340435,5118409630,Dahlia Road,Named corridor,0.0
1973316129,1109448631,Anna's Hoop Estate Road,Named corridor,0.0
1111757739,4284362484,Garden of Eden Drive,Named corridor,0.0
1109617234,1109617240,Amsterdam Road,Named corridor,0.0
1109617192,5106547756,Unnamed / Residential,Residual road group,0.0
4283348359,1967799969,J.H. de la Feunte Street,Named corridor,0.0
4283348359,2970143335,L. Lashley Street,Named corridor,0.0
1950775997,1918592985,Unnamed / Residential,Residual road group,0.0
9393783456,1918592981,Unnamed / Residential,Residual road group,0.0
1109616985,1109616983,Watling Island Road,Named corridor,0.0
303244831,303244751,Dacca Road,Named corridor,0.0
303244751,5081179360,Zorg en Rust Road,Named corridor,0.0
4283271698,1639802358,Lima Drive,Named corridor,0.0
1111818468,1111818476,Lottery Road,Named corridor,0.0
1739739666,1111818517,Golden Grove Estate Road,Named corridor,0.0
1739739666,1111818498,Low Estate,Named corridor,0.0
1111818671,1111794254,Prospect Estate Road,Named corridor,0.0
3974366568,303245931,Fig Shell Drive,Named corridor,0.0
1111794254,1739739666,Low Estate,Named corridor,0.0
5110714044,1584722491,Villa Road,Named corridor,0.0
4284327629,3194084000,Unnamed / Residential,Residual road group,0.0
5116080454,3194083998,Unnamed / Residential,Residual road group,0.0
5315133858,2970143353,Unnamed / Residential,Residual road group,0.0
2970143349,4283126300,Surf Clam Road,Named corridor,0.0
1892258669,4284327719,St Barths Drive,Named corridor,0.0
1892258669,1892258669,St Barths Drive,Named corridor,0.0
1111794254,1111818665,Prospect Estate Road,Named corridor,0.0
303245598,303245600,Gold Finger Road,Named corridor,0.0
5103667447,5081882375,Unnamed / Residential,Residual road group,0.0
5103667447,303245597,Mathew's Lane,Named corridor,0.0
5081326722,303245174,Belvédère Drive,Named corridor,0.0
5103667450,3656830465,Crown Cactus Drive,Named corridor,0.0
3656830464,5081970683,Candelabra Cactus Drive,Named corridor,0.0
7507190054,3656813311,Prickle Pear Road,Named corridor,0.0
3656813311,3656813308,Prickle Pear Road,Named corridor,0.0
303244831,5105271282,Dacca Road,Named corridor,0.0
5106558290,303244716,Monrovia Road,Named corridor,0.0
5106547756,1109617192,Unnamed / Residential,Residual road group,0.0
7503754458,303245708,Organ Pipe Cactus Drive,Named corridor,0.0
303245643,5103841080,King of the Sea Road,Named corridor,0.0
5105271282,303244831,Dacca Road,Named corridor,0.0
5105271282,1111757638,Unnamed / Residential,Residual road group,0.0
5106176825,303244751,Zorg en Rust Road,Named corridor,0.0
5081179360,3936303352,Zorg en Rust Road,Named corridor,0.0
4283271698,303244723,Monrovia Road,Named corridor,0.0
3657930405,3657930402,Winnipeg Street,Named corridor,0.0
303246916,303246915,Waterfront Road,Named corridor,0.0
303246894,3708335156,Unnamed / Residential,Residual road group,0.0
1927155683,1927155665,Lane 1,Named corridor,0.0
1927155683,303246886,Aaron Jacbo's Drive,Named corridor,0.0
1927155600,1927155560,Cay Bay Road,Named corridor,0.0
5092713942,303246886,Cay Bay Road,Named corridor,0.0
303246886,1927155600,Cay Bay Road,Named corridor,0.0
1111818506,1973316145,Golden Grove Estate Road,Named corridor,0.0
303246305,3194144108,Canoe Shell Road,Named corridor,0.0
303246918,303246917,Waterfront Road,Named corridor,0.0
303246918,1946905489,Windmill Street,Named corridor,0.0
303246917,303246916,Waterfront Road,Named corridor,0.0
303245979,303245977,Unnamed / Residential,Residual road group,0.0
3974366447,3974366447,Guana Bay Road,Named corridor,0.0
3974366447,303245977,Guana Bay Road,Named corridor,0.0
303245977,303245931,Guana Bay Road,Named corridor,0.0
303246443,303246440,The Hope Estate Road,Named corridor,0.0
1111818476,1111818468,Lottery Road,Named corridor,0.0
5107794662,271824163,Defiance Road,Named corridor,0.0
4284453027,3456873865,Begonia Drive,Named corridor,0.0
5109568459,3283102489,Unnamed / Residential,Residual road group,0.0
5109568453,3283102410,Unnamed / Residential,Residual road group,0.0
3283102175,5109568425,Oyster Pond Road,Named corridor,0.0
4283103436,3194144108,Canoe Shell Road,Named corridor,0.0
3194134757,4283105690,Pen Shell Road,Named corridor,0.0
303246917,303246931,Windward Street,Named corridor,0.0
3456889766,5651208579,Unnamed / Residential,Residual road group,0.0
3456873958,3456873952,Meadowlands Drive,Named corridor,0.0
3456873946,3456873948,Stone Oven Drive,Named corridor,0.0
4274611951,303245898,Merite Shell Road,Named corridor,0.0
3713084523,303245896,Experimental Estate Drive,Named corridor,0.0
3712985678,303245895,Unnamed / Residential,Residual road group,0.0
303246440,303245895,The Hope Estate Road,Named corridor,0.0
5105895355,271824167,Pinel Key Drive,Named corridor,0.0
3657008619,3194084010,The Valley Drive,Named corridor,0.0
